split,reader,scope,count,metric,mean,low,high,nominal_percent,source_path,source_sha256
iid,decoupled,common_output_support,505,ari,0.9705687925717292,0.9612558550032198,0.9792867097644218,95,data/atencion_armonica/generative_evidence_reader_v1/fresh/iid/evaluation/summary.json,3a6345420b8485f486c66f61336a7c68c7b0904fcf09822f52f8e3e1128be053
iid,decoupled,common_output_support,505,exact_partition,0.9163916391639165,0.8946039603960396,0.9372937293729376,95,data/atencion_armonica/generative_evidence_reader_v1/fresh/iid/evaluation/summary.json,3a6345420b8485f486c66f61336a7c68c7b0904fcf09822f52f8e3e1128be053
iid,decoupled,common_output_support,505,pair_disagreement,0.013954965010406469,0.009666484997256228,0.018432229245012154,95,data/atencion_armonica/generative_evidence_reader_v1/fresh/iid/evaluation/summary.json,3a6345420b8485f486c66f61336a7c68c7b0904fcf09822f52f8e3e1128be053
iid,decoupled,common_output_support,505,k_inferred,2.4517051705170516,2.408355335533553,2.4932948294829482,95,data/atencion_armonica/generative_evidence_reader_v1/fresh/iid/evaluation/summary.json,3a6345420b8485f486c66f61336a7c68c7b0904fcf09822f52f8e3e1128be053
iid,decoupled,common_output_support,505,k_error,-0.00572057205720572,-0.013421342134213423,0.00022002200220022002,95,data/atencion_armonica/generative_evidence_reader_v1/fresh/iid/evaluation/summary.json,3a6345420b8485f486c66f61336a7c68c7b0904fcf09822f52f8e3e1128be053
iid,decoupled,common_output_support,505,k_absolute_error,0.006160616061606161,0.00022002200220022002,0.014081408140814081,95,data/atencion_armonica/generative_evidence_reader_v1/fresh/iid/evaluation/summary.json,3a6345420b8485f486c66f61336a7c68c7b0904fcf09822f52f8e3e1128be053
iid,decoupled,common_output_support,505,sub3_member_fraction,0.0,0.0,0.0,95,data/atencion_armonica/generative_evidence_reader_v1/fresh/iid/evaluation/summary.json,3a6345420b8485f486c66f61336a7c68c7b0904fcf09822f52f8e3e1128be053
iid,decoupled,common_output_support,505,vi,0.045004240203417235,0.03250637523794781,0.05835520819989005,95,data/atencion_armonica/generative_evidence_reader_v1/fresh/iid/evaluation/summary.json,3a6345420b8485f486c66f61336a7c68c7b0904fcf09822f52f8e3e1128be053
iid,decoupled,common_output_support,505,vi_normalized,0.01720244154494506,0.012214070845315752,0.0225713626624587,95,data/atencion_armonica/generative_evidence_reader_v1/fresh/iid/evaluation/summary.json,3a6345420b8485f486c66f61336a7c68c7b0904fcf09822f52f8e3e1128be053
iid,decoupled,common_output_support,505,split_entropy,0.021254586862788156,0.015209269852556639,0.027798996942109445,95,data/atencion_armonica/generative_evidence_reader_v1/fresh/iid/evaluation/summary.json,3a6345420b8485f486c66f61336a7c68c7b0904fcf09822f52f8e3e1128be053
iid,decoupled,common_output_support,505,merge_entropy,0.02374965334062908,0.017184186228411058,0.030979909843261065,95,data/atencion_armonica/generative_evidence_reader_v1/fresh/iid/evaluation/summary.json,3a6345420b8485f486c66f61336a7c68c7b0904fcf09822f52f8e3e1128be053
iid,decoupled,common_output_support,505,split_normalized,0.008123475361454918,0.005730591915403347,0.0106786088230072,95,data/atencion_armonica/generative_evidence_reader_v1/fresh/iid/evaluation/summary.json,3a6345420b8485f486c66f61336a7c68c7b0904fcf09822f52f8e3e1128be053
iid,decoupled,common_output_support,505,merge_normalized,0.009078966183490137,0.006468851904360903,0.011918657767021704,95,data/atencion_armonica/generative_evidence_reader_v1/fresh/iid/evaluation/summary.json,3a6345420b8485f486c66f61336a7c68c7b0904fcf09822f52f8e3e1128be053
iid,generative,common_output_support,505,ari,0.9720772766918755,0.9630255747648924,0.9806226489920297,95,data/atencion_armonica/generative_evidence_reader_v1/fresh/iid/evaluation/summary.json,3a6345420b8485f486c66f61336a7c68c7b0904fcf09822f52f8e3e1128be053
iid,generative,common_output_support,505,exact_partition,0.921012101210121,0.8990044004400439,0.9410396039603959,95,data/atencion_armonica/generative_evidence_reader_v1/fresh/iid/evaluation/summary.json,3a6345420b8485f486c66f61336a7c68c7b0904fcf09822f52f8e3e1128be053
iid,generative,common_output_support,505,pair_disagreement,0.013219071059398435,0.009013917018249341,0.01767443000244372,95,data/atencion_armonica/generative_evidence_reader_v1/fresh/iid/evaluation/summary.json,3a6345420b8485f486c66f61336a7c68c7b0904fcf09822f52f8e3e1128be053
iid,generative,common_output_support,505,k_inferred,2.451925192519252,2.4085753575357534,2.4937293729372936,95,data/atencion_armonica/generative_evidence_reader_v1/fresh/iid/evaluation/summary.json,3a6345420b8485f486c66f61336a7c68c7b0904fcf09822f52f8e3e1128be053
iid,generative,common_output_support,505,k_error,-0.0055005500550055,-0.013201320132013201,0.00044004400440044003,95,data/atencion_armonica/generative_evidence_reader_v1/fresh/iid/evaluation/summary.json,3a6345420b8485f486c66f61336a7c68c7b0904fcf09822f52f8e3e1128be053
iid,generative,common_output_support,505,k_absolute_error,0.00638063806380638,0.00044004400440044003,0.014081408140814081,95,data/atencion_armonica/generative_evidence_reader_v1/fresh/iid/evaluation/summary.json,3a6345420b8485f486c66f61336a7c68c7b0904fcf09822f52f8e3e1128be053
iid,generative,common_output_support,505,sub3_member_fraction,0.0,0.0,0.0,95,data/atencion_armonica/generative_evidence_reader_v1/fresh/iid/evaluation/summary.json,3a6345420b8485f486c66f61336a7c68c7b0904fcf09822f52f8e3e1128be053
iid,generative,common_output_support,505,vi,0.042805636209583324,0.030545437821850784,0.05610877322030254,95,data/atencion_armonica/generative_evidence_reader_v1/fresh/iid/evaluation/summary.json,3a6345420b8485f486c66f61336a7c68c7b0904fcf09822f52f8e3e1128be053
iid,generative,common_output_support,505,vi_normalized,0.016339507514143543,0.011504863783091743,0.02153089205587111,95,data/atencion_armonica/generative_evidence_reader_v1/fresh/iid/evaluation/summary.json,3a6345420b8485f486c66f61336a7c68c7b0904fcf09822f52f8e3e1128be053
iid,generative,common_output_support,505,split_entropy,0.020198297114512438,0.014205447713084178,0.02662656585483453,95,data/atencion_armonica/generative_evidence_reader_v1/fresh/iid/evaluation/summary.json,3a6345420b8485f486c66f61336a7c68c7b0904fcf09822f52f8e3e1128be053
iid,generative,common_output_support,505,merge_entropy,0.022607339095070886,0.01613603725085267,0.029907549312575086,95,data/atencion_armonica/generative_evidence_reader_v1/fresh/iid/evaluation/summary.json,3a6345420b8485f486c66f61336a7c68c7b0904fcf09822f52f8e3e1128be053
iid,generative,common_output_support,505,split_normalized,0.007708210351686431,0.0053560232742254615,0.01031155012943505,95,data/atencion_armonica/generative_evidence_reader_v1/fresh/iid/evaluation/summary.json,3a6345420b8485f486c66f61336a7c68c7b0904fcf09822f52f8e3e1128be053
iid,generative,common_output_support,505,merge_normalized,0.008631297162457113,0.006100905598413526,0.01148499566302847,95,data/atencion_armonica/generative_evidence_reader_v1/fresh/iid/evaluation/summary.json,3a6345420b8485f486c66f61336a7c68c7b0904fcf09822f52f8e3e1128be053
iid,local,common_output_support,505,ari,0.9696356216908122,0.9604932524080442,0.9782527525149043,95,data/atencion_armonica/generative_evidence_reader_v1/fresh/iid/evaluation/summary.json,3a6345420b8485f486c66f61336a7c68c7b0904fcf09822f52f8e3e1128be053
iid,local,common_output_support,505,exact_partition,0.9126512651265127,0.8904290429042904,0.9337788778877889,95,data/atencion_armonica/generative_evidence_reader_v1/fresh/iid/evaluation/summary.json,3a6345420b8485f486c66f61336a7c68c7b0904fcf09822f52f8e3e1128be053
iid,local,common_output_support,505,pair_disagreement,0.014412941787493486,0.010207539757555594,0.018860806177333878,95,data/atencion_armonica/generative_evidence_reader_v1/fresh/iid/evaluation/summary.json,3a6345420b8485f486c66f61336a7c68c7b0904fcf09822f52f8e3e1128be053
iid,local,common_output_support,505,k_inferred,2.453025302530253,2.4098954895489544,2.4948294829482944,95,data/atencion_armonica/generative_evidence_reader_v1/fresh/iid/evaluation/summary.json,3a6345420b8485f486c66f61336a7c68c7b0904fcf09822f52f8e3e1128be053
iid,local,common_output_support,505,k_error,-0.0044004400440044,-0.011881188118811881,0.0015401540154015402,95,data/atencion_armonica/generative_evidence_reader_v1/fresh/iid/evaluation/summary.json,3a6345420b8485f486c66f61336a7c68c7b0904fcf09822f52f8e3e1128be053
iid,local,common_output_support,505,k_absolute_error,0.007480748074807481,0.00154015401540154,0.015187018701870156,95,data/atencion_armonica/generative_evidence_reader_v1/fresh/iid/evaluation/summary.json,3a6345420b8485f486c66f61336a7c68c7b0904fcf09822f52f8e3e1128be053
iid,local,common_output_support,505,sub3_member_fraction,0.0,0.0,0.0,95,data/atencion_armonica/generative_evidence_reader_v1/fresh/iid/evaluation/summary.json,3a6345420b8485f486c66f61336a7c68c7b0904fcf09822f52f8e3e1128be053
iid,local,common_output_support,505,vi,0.04613271249790479,0.03355176685593703,0.05954183119179994,95,data/atencion_armonica/generative_evidence_reader_v1/fresh/iid/evaluation/summary.json,3a6345420b8485f486c66f61336a7c68c7b0904fcf09822f52f8e3e1128be053
iid,local,common_output_support,505,vi_normalized,0.017625263004820074,0.012681322750399328,0.022957878575219862,95,data/atencion_armonica/generative_evidence_reader_v1/fresh/iid/evaluation/summary.json,3a6345420b8485f486c66f61336a7c68c7b0904fcf09822f52f8e3e1128be053
iid,local,common_output_support,505,split_entropy,0.022113319143951014,0.01605519205629457,0.028707933464782717,95,data/atencion_armonica/generative_evidence_reader_v1/fresh/iid/evaluation/summary.json,3a6345420b8485f486c66f61336a7c68c7b0904fcf09822f52f8e3e1128be053
iid,local,common_output_support,505,merge_entropy,0.024019393353953773,0.01745211773315075,0.031189767357220375,95,data/atencion_armonica/generative_evidence_reader_v1/fresh/iid/evaluation/summary.json,3a6345420b8485f486c66f61336a7c68c7b0904fcf09822f52f8e3e1128be053
iid,local,common_output_support,505,split_normalized,0.008448557803098921,0.006047449407218616,0.011053191180603416,95,data/atencion_armonica/generative_evidence_reader_v1/fresh/iid/evaluation/summary.json,3a6345420b8485f486c66f61336a7c68c7b0904fcf09822f52f8e3e1128be053
iid,local,common_output_support,505,merge_normalized,0.00917670520172115,0.0066228133201314855,0.011969688141741604,95,data/atencion_armonica/generative_evidence_reader_v1/fresh/iid/evaluation/summary.json,3a6345420b8485f486c66f61336a7c68c7b0904fcf09822f52f8e3e1128be053
iid,generative-minus-decoupled,paired_scene_contrast,505,ari,0.0015084841201460728,0.00045777945181011575,0.0027358741326466273,95,data/atencion_armonica/generative_evidence_reader_v1/fresh/iid/evaluation/summary.json,3a6345420b8485f486c66f61336a7c68c7b0904fcf09822f52f8e3e1128be053
iid,generative-minus-decoupled,paired_scene_contrast,505,exact_partition,0.00462046204620462,0.0011001100110011007,0.008360836083608362,95,data/atencion_armonica/generative_evidence_reader_v1/fresh/iid/evaluation/summary.json,3a6345420b8485f486c66f61336a7c68c7b0904fcf09822f52f8e3e1128be053
iid,generative-minus-decoupled,paired_scene_contrast,505,pair_disagreement,-0.0007358939510080321,-0.0013395870990551126,-0.0002311452229135566,95,data/atencion_armonica/generative_evidence_reader_v1/fresh/iid/evaluation/summary.json,3a6345420b8485f486c66f61336a7c68c7b0904fcf09822f52f8e3e1128be053
iid,generative-minus-decoupled,paired_scene_contrast,505,k_inferred,0.00022002200220022012,0.0,0.0006600660066006604,95,data/atencion_armonica/generative_evidence_reader_v1/fresh/iid/evaluation/summary.json,3a6345420b8485f486c66f61336a7c68c7b0904fcf09822f52f8e3e1128be053
iid,generative-minus-decoupled,paired_scene_contrast,505,k_error,0.00022002200220022002,0.0,0.0006600660066006601,95,data/atencion_armonica/generative_evidence_reader_v1/fresh/iid/evaluation/summary.json,3a6345420b8485f486c66f61336a7c68c7b0904fcf09822f52f8e3e1128be053
iid,generative-minus-decoupled,paired_scene_contrast,505,k_absolute_error,0.00022002200220022002,0.0,0.0006600660066006601,95,data/atencion_armonica/generative_evidence_reader_v1/fresh/iid/evaluation/summary.json,3a6345420b8485f486c66f61336a7c68c7b0904fcf09822f52f8e3e1128be053
iid,generative-minus-decoupled,paired_scene_contrast,505,sub3_member_fraction,0.0,0.0,0.0,95,data/atencion_armonica/generative_evidence_reader_v1/fresh/iid/evaluation/summary.json,3a6345420b8485f486c66f61336a7c68c7b0904fcf09822f52f8e3e1128be053
iid,generative-minus-decoupled,paired_scene_contrast,505,vi,-0.0021986039938339127,-0.003995845568571607,-0.000650908852432882,95,data/atencion_armonica/generative_evidence_reader_v1/fresh/iid/evaluation/summary.json,3a6345420b8485f486c66f61336a7c68c7b0904fcf09822f52f8e3e1128be053
iid,generative-minus-decoupled,paired_scene_contrast,505,vi_normalized,-0.0008629340308015109,-0.0015623669501349262,-0.00025977336101201757,95,data/atencion_armonica/generative_evidence_reader_v1/fresh/iid/evaluation/summary.json,3a6345420b8485f486c66f61336a7c68c7b0904fcf09822f52f8e3e1128be053
iid,generative-minus-decoupled,paired_scene_contrast,505,split_entropy,-0.0010562897482757174,-0.001958069594642377,-0.0002659033344941332,95,data/atencion_armonica/generative_evidence_reader_v1/fresh/iid/evaluation/summary.json,3a6345420b8485f486c66f61336a7c68c7b0904fcf09822f52f8e3e1128be053
iid,generative-minus-decoupled,paired_scene_contrast,505,merge_entropy,-0.0011423142455581948,-0.0020175447480212058,-0.0003516882373242116,95,data/atencion_armonica/generative_evidence_reader_v1/fresh/iid/evaluation/summary.json,3a6345420b8485f486c66f61336a7c68c7b0904fcf09822f52f8e3e1128be053
iid,generative-minus-decoupled,paired_scene_contrast,505,split_normalized,-0.0004152650097684875,-0.0007732055708828777,-0.00011057120208177157,95,data/atencion_armonica/generative_evidence_reader_v1/fresh/iid/evaluation/summary.json,3a6345420b8485f486c66f61336a7c68c7b0904fcf09822f52f8e3e1128be053
iid,generative-minus-decoupled,paired_scene_contrast,505,merge_normalized,-0.00044766902103302345,-0.0007878909356131371,-0.0001443797285577949,95,data/atencion_armonica/generative_evidence_reader_v1/fresh/iid/evaluation/summary.json,3a6345420b8485f486c66f61336a7c68c7b0904fcf09822f52f8e3e1128be053
iid,generative-minus-local,paired_scene_contrast,505,ari,0.002441655001063216,0.0009127803686468297,0.00402206364402379,95,data/atencion_armonica/generative_evidence_reader_v1/fresh/iid/evaluation/summary.json,3a6345420b8485f486c66f61336a7c68c7b0904fcf09822f52f8e3e1128be053
iid,generative-minus-local,paired_scene_contrast,505,exact_partition,0.008360836083608362,0.0033003300330033,0.014081408140814081,95,data/atencion_armonica/generative_evidence_reader_v1/fresh/iid/evaluation/summary.json,3a6345420b8485f486c66f61336a7c68c7b0904fcf09822f52f8e3e1128be053
iid,generative-minus-local,paired_scene_contrast,505,pair_disagreement,-0.0011938707280950485,-0.001959447394583904,-0.0004550688489882719,95,data/atencion_armonica/generative_evidence_reader_v1/fresh/iid/evaluation/summary.json,3a6345420b8485f486c66f61336a7c68c7b0904fcf09822f52f8e3e1128be053
iid,generative-minus-local,paired_scene_contrast,505,k_inferred,-0.0011001100110011007,-0.0024202420242024213,-0.00022002200220022012,95,data/atencion_armonica/generative_evidence_reader_v1/fresh/iid/evaluation/summary.json,3a6345420b8485f486c66f61336a7c68c7b0904fcf09822f52f8e3e1128be053
iid,generative-minus-local,paired_scene_contrast,505,k_error,-0.0011001100110011,-0.0024202420242024204,-0.00022002200220022002,95,data/atencion_armonica/generative_evidence_reader_v1/fresh/iid/evaluation/summary.json,3a6345420b8485f486c66f61336a7c68c7b0904fcf09822f52f8e3e1128be053
iid,generative-minus-local,paired_scene_contrast,505,k_absolute_error,-0.0011001100110011,-0.0024202420242024204,-0.00022002200220022002,95,data/atencion_armonica/generative_evidence_reader_v1/fresh/iid/evaluation/summary.json,3a6345420b8485f486c66f61336a7c68c7b0904fcf09822f52f8e3e1128be053
iid,generative-minus-local,paired_scene_contrast,505,sub3_member_fraction,0.0,0.0,0.0,95,data/atencion_armonica/generative_evidence_reader_v1/fresh/iid/evaluation/summary.json,3a6345420b8485f486c66f61336a7c68c7b0904fcf09822f52f8e3e1128be053
iid,generative-minus-local,paired_scene_contrast,505,vi,-0.003327076288321463,-0.005599322820705382,-0.0010931199899224513,95,data/atencion_armonica/generative_evidence_reader_v1/fresh/iid/evaluation/summary.json,3a6345420b8485f486c66f61336a7c68c7b0904fcf09822f52f8e3e1128be053
iid,generative-minus-local,paired_scene_contrast,505,vi_normalized,-0.0012857554906765276,-0.0021898523794945156,-0.0004114979181037482,95,data/atencion_armonica/generative_evidence_reader_v1/fresh/iid/evaluation/summary.json,3a6345420b8485f486c66f61336a7c68c7b0904fcf09822f52f8e3e1128be053
iid,generative-minus-local,paired_scene_contrast,505,split_entropy,-0.001915022029438575,-0.0031171468734432057,-0.0007060591423750759,95,data/atencion_armonica/generative_evidence_reader_v1/fresh/iid/evaluation/summary.json,3a6345420b8485f486c66f61336a7c68c7b0904fcf09822f52f8e3e1128be053
iid,generative-minus-local,paired_scene_contrast,505,merge_entropy,-0.0014120542588828885,-0.002529658208846599,-0.00033102571085285773,95,data/atencion_armonica/generative_evidence_reader_v1/fresh/iid/evaluation/summary.json,3a6345420b8485f486c66f61336a7c68c7b0904fcf09822f52f8e3e1128be053
iid,generative-minus-local,paired_scene_contrast,505,split_normalized,-0.0007403474514124902,-0.0012152462750203172,-0.000271127543039794,95,data/atencion_armonica/generative_evidence_reader_v1/fresh/iid/evaluation/summary.json,3a6345420b8485f486c66f61336a7c68c7b0904fcf09822f52f8e3e1128be053
iid,generative-minus-local,paired_scene_contrast,505,merge_normalized,-0.0005454080392640379,-0.0009883629412156582,-0.00012994399796598108,95,data/atencion_armonica/generative_evidence_reader_v1/fresh/iid/evaluation/summary.json,3a6345420b8485f486c66f61336a7c68c7b0904fcf09822f52f8e3e1128be053
iid,base,system_common_support,505,ari,0.9752221172028079,,,,data/atencion_armonica/generative_evidence_reader_v1/fresh/iid/evaluation/summary.json,3a6345420b8485f486c66f61336a7c68c7b0904fcf09822f52f8e3e1128be053
iid,base,system_common_support,505,exact_partition,0.9287128712871288,,,,data/atencion_armonica/generative_evidence_reader_v1/fresh/iid/evaluation/summary.json,3a6345420b8485f486c66f61336a7c68c7b0904fcf09822f52f8e3e1128be053
iid,base,system_common_support,505,pair_disagreement,0.01152795000122639,,,,data/atencion_armonica/generative_evidence_reader_v1/fresh/iid/evaluation/summary.json,3a6345420b8485f486c66f61336a7c68c7b0904fcf09822f52f8e3e1128be053
iid,base,system_common_support,505,k_inferred,2.4693069306930693,,,,data/atencion_armonica/generative_evidence_reader_v1/fresh/iid/evaluation/summary.json,3a6345420b8485f486c66f61336a7c68c7b0904fcf09822f52f8e3e1128be053
iid,base,system_common_support,505,k_error,0.011881188118811881,,,,data/atencion_armonica/generative_evidence_reader_v1/fresh/iid/evaluation/summary.json,3a6345420b8485f486c66f61336a7c68c7b0904fcf09822f52f8e3e1128be053
iid,base,system_common_support,505,k_absolute_error,0.023762376237623763,,,,data/atencion_armonica/generative_evidence_reader_v1/fresh/iid/evaluation/summary.json,3a6345420b8485f486c66f61336a7c68c7b0904fcf09822f52f8e3e1128be053
iid,base,system_common_support,505,sub3_member_fraction,0.0,,,,data/atencion_armonica/generative_evidence_reader_v1/fresh/iid/evaluation/summary.json,3a6345420b8485f486c66f61336a7c68c7b0904fcf09822f52f8e3e1128be053
iid,base,system_common_support,505,vi,0.037992386806441715,,,,data/atencion_armonica/generative_evidence_reader_v1/fresh/iid/evaluation/summary.json,3a6345420b8485f486c66f61336a7c68c7b0904fcf09822f52f8e3e1128be053
iid,base,system_common_support,505,vi_normalized,0.014025125179201006,,,,data/atencion_armonica/generative_evidence_reader_v1/fresh/iid/evaluation/summary.json,3a6345420b8485f486c66f61336a7c68c7b0904fcf09822f52f8e3e1128be053
iid,base,system_common_support,505,split_entropy,0.020800310881899455,,,,data/atencion_armonica/generative_evidence_reader_v1/fresh/iid/evaluation/summary.json,3a6345420b8485f486c66f61336a7c68c7b0904fcf09822f52f8e3e1128be053
iid,base,system_common_support,505,merge_entropy,0.017192075924542253,,,,data/atencion_armonica/generative_evidence_reader_v1/fresh/iid/evaluation/summary.json,3a6345420b8485f486c66f61336a7c68c7b0904fcf09822f52f8e3e1128be053
iid,base,system_common_support,505,split_normalized,0.007628687615383396,,,,data/atencion_armonica/generative_evidence_reader_v1/fresh/iid/evaluation/summary.json,3a6345420b8485f486c66f61336a7c68c7b0904fcf09822f52f8e3e1128be053
iid,base,system_common_support,505,merge_normalized,0.0063964375638176155,,,,data/atencion_armonica/generative_evidence_reader_v1/fresh/iid/evaluation/summary.json,3a6345420b8485f486c66f61336a7c68c7b0904fcf09822f52f8e3e1128be053
iid,extended,system_common_support,505,ari,0.974331028093897,,,,data/atencion_armonica/generative_evidence_reader_v1/fresh/iid/evaluation/summary.json,3a6345420b8485f486c66f61336a7c68c7b0904fcf09822f52f8e3e1128be053
iid,extended,system_common_support,505,exact_partition,0.9267326732673268,,,,data/atencion_armonica/generative_evidence_reader_v1/fresh/iid/evaluation/summary.json,3a6345420b8485f486c66f61336a7c68c7b0904fcf09822f52f8e3e1128be053
iid,extended,system_common_support,505,pair_disagreement,0.01196799400562683,,,,data/atencion_armonica/generative_evidence_reader_v1/fresh/iid/evaluation/summary.json,3a6345420b8485f486c66f61336a7c68c7b0904fcf09822f52f8e3e1128be053
iid,extended,system_common_support,505,k_inferred,2.4693069306930693,,,,data/atencion_armonica/generative_evidence_reader_v1/fresh/iid/evaluation/summary.json,3a6345420b8485f486c66f61336a7c68c7b0904fcf09822f52f8e3e1128be053
iid,extended,system_common_support,505,k_error,0.011881188118811881,,,,data/atencion_armonica/generative_evidence_reader_v1/fresh/iid/evaluation/summary.json,3a6345420b8485f486c66f61336a7c68c7b0904fcf09822f52f8e3e1128be053
iid,extended,system_common_support,505,k_absolute_error,0.023762376237623763,,,,data/atencion_armonica/generative_evidence_reader_v1/fresh/iid/evaluation/summary.json,3a6345420b8485f486c66f61336a7c68c7b0904fcf09822f52f8e3e1128be053
iid,extended,system_common_support,505,sub3_member_fraction,0.0,,,,data/atencion_armonica/generative_evidence_reader_v1/fresh/iid/evaluation/summary.json,3a6345420b8485f486c66f61336a7c68c7b0904fcf09822f52f8e3e1128be053
iid,extended,system_common_support,505,vi,0.039093382237768856,,,,data/atencion_armonica/generative_evidence_reader_v1/fresh/iid/evaluation/summary.json,3a6345420b8485f486c66f61336a7c68c7b0904fcf09822f52f8e3e1128be053
iid,extended,system_common_support,505,vi_normalized,0.014526209794166455,,,,data/atencion_armonica/generative_evidence_reader_v1/fresh/iid/evaluation/summary.json,3a6345420b8485f486c66f61336a7c68c7b0904fcf09822f52f8e3e1128be053
iid,extended,system_common_support,505,split_entropy,0.02135080859756303,,,,data/atencion_armonica/generative_evidence_reader_v1/fresh/iid/evaluation/summary.json,3a6345420b8485f486c66f61336a7c68c7b0904fcf09822f52f8e3e1128be053
iid,extended,system_common_support,505,merge_entropy,0.017742573640205823,,,,data/atencion_armonica/generative_evidence_reader_v1/fresh/iid/evaluation/summary.json,3a6345420b8485f486c66f61336a7c68c7b0904fcf09822f52f8e3e1128be053
iid,extended,system_common_support,505,split_normalized,0.007879229922866122,,,,data/atencion_armonica/generative_evidence_reader_v1/fresh/iid/evaluation/summary.json,3a6345420b8485f486c66f61336a7c68c7b0904fcf09822f52f8e3e1128be053
iid,extended,system_common_support,505,merge_normalized,0.006646979871300341,,,,data/atencion_armonica/generative_evidence_reader_v1/fresh/iid/evaluation/summary.json,3a6345420b8485f486c66f61336a7c68c7b0904fcf09822f52f8e3e1128be053
iid,historical-2026090721,system_common_support,505,ari,0.958412549870007,,,,data/atencion_armonica/generative_evidence_reader_v1/fresh/iid/evaluation/summary.json,3a6345420b8485f486c66f61336a7c68c7b0904fcf09822f52f8e3e1128be053
iid,historical-2026090721,system_common_support,505,exact_partition,0.8613861386138614,,,,data/atencion_armonica/generative_evidence_reader_v1/fresh/iid/evaluation/summary.json,3a6345420b8485f486c66f61336a7c68c7b0904fcf09822f52f8e3e1128be053
iid,historical-2026090721,system_common_support,505,pair_disagreement,0.019259216629003748,,,,data/atencion_armonica/generative_evidence_reader_v1/fresh/iid/evaluation/summary.json,3a6345420b8485f486c66f61336a7c68c7b0904fcf09822f52f8e3e1128be053
iid,historical-2026090721,system_common_support,505,k_inferred,2.510891089108911,,,,data/atencion_armonica/generative_evidence_reader_v1/fresh/iid/evaluation/summary.json,3a6345420b8485f486c66f61336a7c68c7b0904fcf09822f52f8e3e1128be053
iid,historical-2026090721,system_common_support,505,k_error,0.053465346534653464,,,,data/atencion_armonica/generative_evidence_reader_v1/fresh/iid/evaluation/summary.json,3a6345420b8485f486c66f61336a7c68c7b0904fcf09822f52f8e3e1128be053
iid,historical-2026090721,system_common_support,505,k_absolute_error,0.053465346534653464,,,,data/atencion_armonica/generative_evidence_reader_v1/fresh/iid/evaluation/summary.json,3a6345420b8485f486c66f61336a7c68c7b0904fcf09822f52f8e3e1128be053
iid,historical-2026090721,system_common_support,505,sub3_member_fraction,0.0039372702053006295,,,,data/atencion_armonica/generative_evidence_reader_v1/fresh/iid/evaluation/summary.json,3a6345420b8485f486c66f61336a7c68c7b0904fcf09822f52f8e3e1128be053
iid,historical-2026090721,system_common_support,505,vi,0.06494501301825137,,,,data/atencion_armonica/generative_evidence_reader_v1/fresh/iid/evaluation/summary.json,3a6345420b8485f486c66f61336a7c68c7b0904fcf09822f52f8e3e1128be053
iid,historical-2026090721,system_common_support,505,vi_normalized,0.024660528709483112,,,,data/atencion_armonica/generative_evidence_reader_v1/fresh/iid/evaluation/summary.json,3a6345420b8485f486c66f61336a7c68c7b0904fcf09822f52f8e3e1128be053
iid,historical-2026090721,system_common_support,505,split_entropy,0.03626707545431687,,,,data/atencion_armonica/generative_evidence_reader_v1/fresh/iid/evaluation/summary.json,3a6345420b8485f486c66f61336a7c68c7b0904fcf09822f52f8e3e1128be053
iid,historical-2026090721,system_common_support,505,merge_entropy,0.028677937563934518,,,,data/atencion_armonica/generative_evidence_reader_v1/fresh/iid/evaluation/summary.json,3a6345420b8485f486c66f61336a7c68c7b0904fcf09822f52f8e3e1128be053
iid,historical-2026090721,system_common_support,505,split_normalized,0.013684870267922105,,,,data/atencion_armonica/generative_evidence_reader_v1/fresh/iid/evaluation/summary.json,3a6345420b8485f486c66f61336a7c68c7b0904fcf09822f52f8e3e1128be053
iid,historical-2026090721,system_common_support,505,merge_normalized,0.010975658441561004,,,,data/atencion_armonica/generative_evidence_reader_v1/fresh/iid/evaluation/summary.json,3a6345420b8485f486c66f61336a7c68c7b0904fcf09822f52f8e3e1128be053
iid,historical-2026090721,system_all_scenes,512,ari,0.9559956491931721,,,,data/atencion_armonica/generative_evidence_reader_v1/fresh/iid/evaluation/summary.json,3a6345420b8485f486c66f61336a7c68c7b0904fcf09822f52f8e3e1128be053
iid,historical-2026090721,system_all_scenes,512,exact_partition,0.849609375,,,,data/atencion_armonica/generative_evidence_reader_v1/fresh/iid/evaluation/summary.json,3a6345420b8485f486c66f61336a7c68c7b0904fcf09822f52f8e3e1128be053
iid,historical-2026090721,system_all_scenes,512,pair_disagreement,0.020325322346388695,,,,data/atencion_armonica/generative_evidence_reader_v1/fresh/iid/evaluation/summary.json,3a6345420b8485f486c66f61336a7c68c7b0904fcf09822f52f8e3e1128be053
iid,historical-2026090721,system_all_scenes,512,k_inferred,2.51953125,,,,data/atencion_armonica/generative_evidence_reader_v1/fresh/iid/evaluation/summary.json,3a6345420b8485f486c66f61336a7c68c7b0904fcf09822f52f8e3e1128be053
iid,historical-2026090721,system_all_scenes,512,k_error,0.056640625,,,,data/atencion_armonica/generative_evidence_reader_v1/fresh/iid/evaluation/summary.json,3a6345420b8485f486c66f61336a7c68c7b0904fcf09822f52f8e3e1128be053
iid,historical-2026090721,system_all_scenes,512,k_absolute_error,0.056640625,,,,data/atencion_armonica/generative_evidence_reader_v1/fresh/iid/evaluation/summary.json,3a6345420b8485f486c66f61336a7c68c7b0904fcf09822f52f8e3e1128be053
iid,historical-2026090721,system_all_scenes,512,sub3_member_fraction,0.004469377839212535,,,,data/atencion_armonica/generative_evidence_reader_v1/fresh/iid/evaluation/summary.json,3a6345420b8485f486c66f61336a7c68c7b0904fcf09822f52f8e3e1128be053
iid,historical-2026090721,system_all_scenes,512,vi,0.0690245748473389,,,,data/atencion_armonica/generative_evidence_reader_v1/fresh/iid/evaluation/summary.json,3a6345420b8485f486c66f61336a7c68c7b0904fcf09822f52f8e3e1128be053
iid,historical-2026090721,system_all_scenes,512,vi_normalized,0.02614968215389539,,,,data/atencion_armonica/generative_evidence_reader_v1/fresh/iid/evaluation/summary.json,3a6345420b8485f486c66f61336a7c68c7b0904fcf09822f52f8e3e1128be053
iid,historical-2026090721,system_all_scenes,512,split_entropy,0.0384447912926373,,,,data/atencion_armonica/generative_evidence_reader_v1/fresh/iid/evaluation/summary.json,3a6345420b8485f486c66f61336a7c68c7b0904fcf09822f52f8e3e1128be053
iid,historical-2026090721,system_all_scenes,512,merge_entropy,0.030579783554701596,,,,data/atencion_armonica/generative_evidence_reader_v1/fresh/iid/evaluation/summary.json,3a6345420b8485f486c66f61336a7c68c7b0904fcf09822f52f8e3e1128be053
iid,historical-2026090721,system_all_scenes,512,split_normalized,0.01449644978630304,,,,data/atencion_armonica/generative_evidence_reader_v1/fresh/iid/evaluation/summary.json,3a6345420b8485f486c66f61336a7c68c7b0904fcf09822f52f8e3e1128be053
iid,historical-2026090721,system_all_scenes,512,merge_normalized,0.011653232367592352,,,,data/atencion_armonica/generative_evidence_reader_v1/fresh/iid/evaluation/summary.json,3a6345420b8485f486c66f61336a7c68c7b0904fcf09822f52f8e3e1128be053
iid,historical-2026090722,system_common_support,505,ari,0.9640669339144442,,,,data/atencion_armonica/generative_evidence_reader_v1/fresh/iid/evaluation/summary.json,3a6345420b8485f486c66f61336a7c68c7b0904fcf09822f52f8e3e1128be053
iid,historical-2026090722,system_common_support,505,exact_partition,0.8871287128712871,,,,data/atencion_armonica/generative_evidence_reader_v1/fresh/iid/evaluation/summary.json,3a6345420b8485f486c66f61336a7c68c7b0904fcf09822f52f8e3e1128be053
iid,historical-2026090722,system_common_support,505,pair_disagreement,0.017018795437015975,,,,data/atencion_armonica/generative_evidence_reader_v1/fresh/iid/evaluation/summary.json,3a6345420b8485f486c66f61336a7c68c7b0904fcf09822f52f8e3e1128be053
iid,historical-2026090722,system_common_support,505,k_inferred,2.4574257425742574,,,,data/atencion_armonica/generative_evidence_reader_v1/fresh/iid/evaluation/summary.json,3a6345420b8485f486c66f61336a7c68c7b0904fcf09822f52f8e3e1128be053
iid,historical-2026090722,system_common_support,505,k_error,0.0,,,,data/atencion_armonica/generative_evidence_reader_v1/fresh/iid/evaluation/summary.json,3a6345420b8485f486c66f61336a7c68c7b0904fcf09822f52f8e3e1128be053
iid,historical-2026090722,system_common_support,505,k_absolute_error,0.011881188118811881,,,,data/atencion_armonica/generative_evidence_reader_v1/fresh/iid/evaluation/summary.json,3a6345420b8485f486c66f61336a7c68c7b0904fcf09822f52f8e3e1128be053
iid,historical-2026090722,system_common_support,505,sub3_member_fraction,0.0007249742002063983,,,,data/atencion_armonica/generative_evidence_reader_v1/fresh/iid/evaluation/summary.json,3a6345420b8485f486c66f61336a7c68c7b0904fcf09822f52f8e3e1128be053
iid,historical-2026090722,system_common_support,505,vi,0.05370885462145554,,,,data/atencion_armonica/generative_evidence_reader_v1/fresh/iid/evaluation/summary.json,3a6345420b8485f486c66f61336a7c68c7b0904fcf09822f52f8e3e1128be053
iid,historical-2026090722,system_common_support,505,vi_normalized,0.020418432543959544,,,,data/atencion_armonica/generative_evidence_reader_v1/fresh/iid/evaluation/summary.json,3a6345420b8485f486c66f61336a7c68c7b0904fcf09822f52f8e3e1128be053
iid,historical-2026090722,system_common_support,505,split_entropy,0.024616970141893485,,,,data/atencion_armonica/generative_evidence_reader_v1/fresh/iid/evaluation/summary.json,3a6345420b8485f486c66f61336a7c68c7b0904fcf09822f52f8e3e1128be053
iid,historical-2026090722,system_common_support,505,merge_entropy,0.02909188447956206,,,,data/atencion_armonica/generative_evidence_reader_v1/fresh/iid/evaluation/summary.json,3a6345420b8485f486c66f61336a7c68c7b0904fcf09822f52f8e3e1128be053
iid,historical-2026090722,system_common_support,505,split_normalized,0.009389943658941417,,,,data/atencion_armonica/generative_evidence_reader_v1/fresh/iid/evaluation/summary.json,3a6345420b8485f486c66f61336a7c68c7b0904fcf09822f52f8e3e1128be053
iid,historical-2026090722,system_common_support,505,merge_normalized,0.011028488885018126,,,,data/atencion_armonica/generative_evidence_reader_v1/fresh/iid/evaluation/summary.json,3a6345420b8485f486c66f61336a7c68c7b0904fcf09822f52f8e3e1128be053
iid,historical-2026090722,system_all_scenes,512,ari,0.9615050834414663,,,,data/atencion_armonica/generative_evidence_reader_v1/fresh/iid/evaluation/summary.json,3a6345420b8485f486c66f61336a7c68c7b0904fcf09822f52f8e3e1128be053
iid,historical-2026090722,system_all_scenes,512,exact_partition,0.875,,,,data/atencion_armonica/generative_evidence_reader_v1/fresh/iid/evaluation/summary.json,3a6345420b8485f486c66f61336a7c68c7b0904fcf09822f52f8e3e1128be053
iid,historical-2026090722,system_all_scenes,512,pair_disagreement,0.018145124715915437,,,,data/atencion_armonica/generative_evidence_reader_v1/fresh/iid/evaluation/summary.json,3a6345420b8485f486c66f61336a7c68c7b0904fcf09822f52f8e3e1128be053
iid,historical-2026090722,system_all_scenes,512,k_inferred,2.462890625,,,,data/atencion_armonica/generative_evidence_reader_v1/fresh/iid/evaluation/summary.json,3a6345420b8485f486c66f61336a7c68c7b0904fcf09822f52f8e3e1128be053
iid,historical-2026090722,system_all_scenes,512,k_error,0.0,,,,data/atencion_armonica/generative_evidence_reader_v1/fresh/iid/evaluation/summary.json,3a6345420b8485f486c66f61336a7c68c7b0904fcf09822f52f8e3e1128be053
iid,historical-2026090722,system_all_scenes,512,k_absolute_error,0.01171875,,,,data/atencion_armonica/generative_evidence_reader_v1/fresh/iid/evaluation/summary.json,3a6345420b8485f486c66f61336a7c68c7b0904fcf09822f52f8e3e1128be053
iid,historical-2026090722,system_all_scenes,512,sub3_member_fraction,0.0009754791102296182,,,,data/atencion_armonica/generative_evidence_reader_v1/fresh/iid/evaluation/summary.json,3a6345420b8485f486c66f61336a7c68c7b0904fcf09822f52f8e3e1128be053
iid,historical-2026090722,system_all_scenes,512,vi,0.05796243417155,,,,data/atencion_armonica/generative_evidence_reader_v1/fresh/iid/evaluation/summary.json,3a6345420b8485f486c66f61336a7c68c7b0904fcf09822f52f8e3e1128be053
iid,historical-2026090722,system_all_scenes,512,vi_normalized,0.02197379230401924,,,,data/atencion_armonica/generative_evidence_reader_v1/fresh/iid/evaluation/summary.json,3a6345420b8485f486c66f61336a7c68c7b0904fcf09822f52f8e3e1128be053
iid,historical-2026090722,system_all_scenes,512,split_entropy,0.026463378616312885,,,,data/atencion_armonica/generative_evidence_reader_v1/fresh/iid/evaluation/summary.json,3a6345420b8485f486c66f61336a7c68c7b0904fcf09822f52f8e3e1128be053
iid,historical-2026090722,system_all_scenes,512,merge_entropy,0.031499055555237104,,,,data/atencion_armonica/generative_evidence_reader_v1/fresh/iid/evaluation/summary.json,3a6345420b8485f486c66f61336a7c68c7b0904fcf09822f52f8e3e1128be053
iid,historical-2026090722,system_all_scenes,512,split_normalized,0.01006281648781322,,,,data/atencion_armonica/generative_evidence_reader_v1/fresh/iid/evaluation/summary.json,3a6345420b8485f486c66f61336a7c68c7b0904fcf09822f52f8e3e1128be053
iid,historical-2026090722,system_all_scenes,512,merge_normalized,0.011910975816206017,,,,data/atencion_armonica/generative_evidence_reader_v1/fresh/iid/evaluation/summary.json,3a6345420b8485f486c66f61336a7c68c7b0904fcf09822f52f8e3e1128be053
iid,historical-2026090723,system_common_support,505,ari,0.9652699521192161,,,,data/atencion_armonica/generative_evidence_reader_v1/fresh/iid/evaluation/summary.json,3a6345420b8485f486c66f61336a7c68c7b0904fcf09822f52f8e3e1128be053
iid,historical-2026090723,system_common_support,505,exact_partition,0.8693069306930693,,,,data/atencion_armonica/generative_evidence_reader_v1/fresh/iid/evaluation/summary.json,3a6345420b8485f486c66f61336a7c68c7b0904fcf09822f52f8e3e1128be053
iid,historical-2026090723,system_common_support,505,pair_disagreement,0.016065227008353288,,,,data/atencion_armonica/generative_evidence_reader_v1/fresh/iid/evaluation/summary.json,3a6345420b8485f486c66f61336a7c68c7b0904fcf09822f52f8e3e1128be053
iid,historical-2026090723,system_common_support,505,k_inferred,2.477227722772277,,,,data/atencion_armonica/generative_evidence_reader_v1/fresh/iid/evaluation/summary.json,3a6345420b8485f486c66f61336a7c68c7b0904fcf09822f52f8e3e1128be053
iid,historical-2026090723,system_common_support,505,k_error,0.019801980198019802,,,,data/atencion_armonica/generative_evidence_reader_v1/fresh/iid/evaluation/summary.json,3a6345420b8485f486c66f61336a7c68c7b0904fcf09822f52f8e3e1128be053
iid,historical-2026090723,system_common_support,505,k_absolute_error,0.023762376237623763,,,,data/atencion_armonica/generative_evidence_reader_v1/fresh/iid/evaluation/summary.json,3a6345420b8485f486c66f61336a7c68c7b0904fcf09822f52f8e3e1128be053
iid,historical-2026090723,system_common_support,505,sub3_member_fraction,0.003019269478745921,,,,data/atencion_armonica/generative_evidence_reader_v1/fresh/iid/evaluation/summary.json,3a6345420b8485f486c66f61336a7c68c7b0904fcf09822f52f8e3e1128be053
iid,historical-2026090723,system_common_support,505,vi,0.05434599170399618,,,,data/atencion_armonica/generative_evidence_reader_v1/fresh/iid/evaluation/summary.json,3a6345420b8485f486c66f61336a7c68c7b0904fcf09822f52f8e3e1128be053
iid,historical-2026090723,system_common_support,505,vi_normalized,0.02016822114332753,,,,data/atencion_armonica/generative_evidence_reader_v1/fresh/iid/evaluation/summary.json,3a6345420b8485f486c66f61336a7c68c7b0904fcf09822f52f8e3e1128be053
iid,historical-2026090723,system_common_support,505,split_entropy,0.027689760241990855,,,,data/atencion_armonica/generative_evidence_reader_v1/fresh/iid/evaluation/summary.json,3a6345420b8485f486c66f61336a7c68c7b0904fcf09822f52f8e3e1128be053
iid,historical-2026090723,system_common_support,505,merge_entropy,0.026656231462005343,,,,data/atencion_armonica/generative_evidence_reader_v1/fresh/iid/evaluation/summary.json,3a6345420b8485f486c66f61336a7c68c7b0904fcf09822f52f8e3e1128be053
iid,historical-2026090723,system_common_support,505,split_normalized,0.010325638527925469,,,,data/atencion_armonica/generative_evidence_reader_v1/fresh/iid/evaluation/summary.json,3a6345420b8485f486c66f61336a7c68c7b0904fcf09822f52f8e3e1128be053
iid,historical-2026090723,system_common_support,505,merge_normalized,0.009842582615402063,,,,data/atencion_armonica/generative_evidence_reader_v1/fresh/iid/evaluation/summary.json,3a6345420b8485f486c66f61336a7c68c7b0904fcf09822f52f8e3e1128be053
iid,historical-2026090723,system_all_scenes,512,ari,0.9623389305629264,,,,data/atencion_armonica/generative_evidence_reader_v1/fresh/iid/evaluation/summary.json,3a6345420b8485f486c66f61336a7c68c7b0904fcf09822f52f8e3e1128be053
iid,historical-2026090723,system_all_scenes,512,exact_partition,0.857421875,,,,data/atencion_armonica/generative_evidence_reader_v1/fresh/iid/evaluation/summary.json,3a6345420b8485f486c66f61336a7c68c7b0904fcf09822f52f8e3e1128be053
iid,historical-2026090723,system_all_scenes,512,pair_disagreement,0.017374963350202118,,,,data/atencion_armonica/generative_evidence_reader_v1/fresh/iid/evaluation/summary.json,3a6345420b8485f486c66f61336a7c68c7b0904fcf09822f52f8e3e1128be053
iid,historical-2026090723,system_all_scenes,512,k_inferred,2.486328125,,,,data/atencion_armonica/generative_evidence_reader_v1/fresh/iid/evaluation/summary.json,3a6345420b8485f486c66f61336a7c68c7b0904fcf09822f52f8e3e1128be053
iid,historical-2026090723,system_all_scenes,512,k_error,0.0234375,,,,data/atencion_armonica/generative_evidence_reader_v1/fresh/iid/evaluation/summary.json,3a6345420b8485f486c66f61336a7c68c7b0904fcf09822f52f8e3e1128be053
iid,historical-2026090723,system_all_scenes,512,k_absolute_error,0.02734375,,,,data/atencion_armonica/generative_evidence_reader_v1/fresh/iid/evaluation/summary.json,3a6345420b8485f486c66f61336a7c68c7b0904fcf09822f52f8e3e1128be053
iid,historical-2026090723,system_all_scenes,512,sub3_member_fraction,0.0034337195705078584,,,,data/atencion_armonica/generative_evidence_reader_v1/fresh/iid/evaluation/summary.json,3a6345420b8485f486c66f61336a7c68c7b0904fcf09822f52f8e3e1128be053
iid,historical-2026090723,system_all_scenes,512,vi,0.05921767401901645,,,,data/atencion_armonica/generative_evidence_reader_v1/fresh/iid/evaluation/summary.json,3a6345420b8485f486c66f61336a7c68c7b0904fcf09822f52f8e3e1128be053
iid,historical-2026090723,system_all_scenes,512,vi_normalized,0.0219521153018536,,,,data/atencion_armonica/generative_evidence_reader_v1/fresh/iid/evaluation/summary.json,3a6345420b8485f486c66f61336a7c68c7b0904fcf09822f52f8e3e1128be053
iid,historical-2026090723,system_all_scenes,512,split_entropy,0.03020236913757845,,,,data/atencion_armonica/generative_evidence_reader_v1/fresh/iid/evaluation/summary.json,3a6345420b8485f486c66f61336a7c68c7b0904fcf09822f52f8e3e1128be053
iid,historical-2026090723,system_all_scenes,512,merge_entropy,0.029015304881438025,,,,data/atencion_armonica/generative_evidence_reader_v1/fresh/iid/evaluation/summary.json,3a6345420b8485f486c66f61336a7c68c7b0904fcf09822f52f8e3e1128be053
iid,historical-2026090723,system_all_scenes,512,split_normalized,0.011260670758224426,,,,data/atencion_armonica/generative_evidence_reader_v1/fresh/iid/evaluation/summary.json,3a6345420b8485f486c66f61336a7c68c7b0904fcf09822f52f8e3e1128be053
iid,historical-2026090723,system_all_scenes,512,merge_normalized,0.010691444543629183,,,,data/atencion_armonica/generative_evidence_reader_v1/fresh/iid/evaluation/summary.json,3a6345420b8485f486c66f61336a7c68c7b0904fcf09822f52f8e3e1128be053
ood_beta,decoupled,common_output_support,497,ari,0.8370395088891424,0.8223490612615498,0.8510236023481166,95,data/atencion_armonica/generative_evidence_reader_v1/fresh/ood_beta/evaluation/summary.json,a721f1b4c3e18771bb258722562ba37165b20b70acfa3d5decd8e2c06fcb265e
ood_beta,decoupled,common_output_support,497,exact_partition,0.5182204337133914,0.48468589313659766,0.5501900290632683,95,data/atencion_armonica/generative_evidence_reader_v1/fresh/ood_beta/evaluation/summary.json,a721f1b4c3e18771bb258722562ba37165b20b70acfa3d5decd8e2c06fcb265e
ood_beta,decoupled,common_output_support,497,pair_disagreement,0.07565223887636309,0.06923814026647919,0.08239557945343552,95,data/atencion_armonica/generative_evidence_reader_v1/fresh/ood_beta/evaluation/summary.json,a721f1b4c3e18771bb258722562ba37165b20b70acfa3d5decd8e2c06fcb265e
ood_beta,decoupled,common_output_support,497,k_inferred,2.5155376704672476,2.4685893136597366,2.562933154482451,95,data/atencion_armonica/generative_evidence_reader_v1/fresh/ood_beta/evaluation/summary.json,a721f1b4c3e18771bb258722562ba37165b20b70acfa3d5decd8e2c06fcb265e
ood_beta,decoupled,common_output_support,497,k_error,0.05879722781131233,0.033758104180639396,0.08383635144198522,95,data/atencion_armonica/generative_evidence_reader_v1/fresh/ood_beta/evaluation/summary.json,a721f1b4c3e18771bb258722562ba37165b20b70acfa3d5decd8e2c06fcb265e
ood_beta,decoupled,common_output_support,497,k_absolute_error,0.08696624189581936,0.0632684998882182,0.11312318354571872,95,data/atencion_armonica/generative_evidence_reader_v1/fresh/ood_beta/evaluation/summary.json,a721f1b4c3e18771bb258722562ba37165b20b70acfa3d5decd8e2c06fcb265e
ood_beta,decoupled,common_output_support,497,sub3_member_fraction,0.0,0.0,0.0,95,data/atencion_armonica/generative_evidence_reader_v1/fresh/ood_beta/evaluation/summary.json,a721f1b4c3e18771bb258722562ba37165b20b70acfa3d5decd8e2c06fcb265e
ood_beta,decoupled,common_output_support,497,vi,0.2418494142631114,0.22132849973774446,0.26313962205322455,95,data/atencion_armonica/generative_evidence_reader_v1/fresh/ood_beta/evaluation/summary.json,a721f1b4c3e18771bb258722562ba37165b20b70acfa3d5decd8e2c06fcb265e
ood_beta,decoupled,common_output_support,497,vi_normalized,0.09128162478767679,0.08350385662319396,0.0994100573030921,95,data/atencion_armonica/generative_evidence_reader_v1/fresh/ood_beta/evaluation/summary.json,a721f1b4c3e18771bb258722562ba37165b20b70acfa3d5decd8e2c06fcb265e
ood_beta,decoupled,common_output_support,497,split_entropy,0.13099721853096694,0.1194282271542434,0.14324133593109278,95,data/atencion_armonica/generative_evidence_reader_v1/fresh/ood_beta/evaluation/summary.json,a721f1b4c3e18771bb258722562ba37165b20b70acfa3d5decd8e2c06fcb265e
ood_beta,decoupled,common_output_support,497,merge_entropy,0.11085219573214447,0.10014122496515024,0.12175943981282146,95,data/atencion_armonica/generative_evidence_reader_v1/fresh/ood_beta/evaluation/summary.json,a721f1b4c3e18771bb258722562ba37165b20b70acfa3d5decd8e2c06fcb265e
ood_beta,decoupled,common_output_support,497,split_normalized,0.049251321822317604,0.04492240159989784,0.05383028615384492,95,data/atencion_armonica/generative_evidence_reader_v1/fresh/ood_beta/evaluation/summary.json,a721f1b4c3e18771bb258722562ba37165b20b70acfa3d5decd8e2c06fcb265e
ood_beta,decoupled,common_output_support,497,merge_normalized,0.04203030296535919,0.03793774928251979,0.046178499766569986,95,data/atencion_armonica/generative_evidence_reader_v1/fresh/ood_beta/evaluation/summary.json,a721f1b4c3e18771bb258722562ba37165b20b70acfa3d5decd8e2c06fcb265e
ood_beta,generative,common_output_support,497,ari,0.8506729690800408,0.8368168248853871,0.8638823356703679,95,data/atencion_armonica/generative_evidence_reader_v1/fresh/ood_beta/evaluation/summary.json,a721f1b4c3e18771bb258722562ba37165b20b70acfa3d5decd8e2c06fcb265e
ood_beta,generative,common_output_support,497,exact_partition,0.5439302481556003,0.5121842164095682,0.5747876145763468,95,data/atencion_armonica/generative_evidence_reader_v1/fresh/ood_beta/evaluation/summary.json,a721f1b4c3e18771bb258722562ba37165b20b70acfa3d5decd8e2c06fcb265e
ood_beta,generative,common_output_support,497,pair_disagreement,0.06887063731604752,0.06276889560415841,0.07536444897452584,95,data/atencion_armonica/generative_evidence_reader_v1/fresh/ood_beta/evaluation/summary.json,a721f1b4c3e18771bb258722562ba37165b20b70acfa3d5decd8e2c06fcb265e
ood_beta,generative,common_output_support,497,k_inferred,2.51687905209032,2.4694779789850214,2.5647216633132133,95,data/atencion_armonica/generative_evidence_reader_v1/fresh/ood_beta/evaluation/summary.json,a721f1b4c3e18771bb258722562ba37165b20b70acfa3d5decd8e2c06fcb265e
ood_beta,generative,common_output_support,497,k_error,0.06013860943438408,0.034875922199865864,0.08607757657053428,95,data/atencion_armonica/generative_evidence_reader_v1/fresh/ood_beta/evaluation/summary.json,a721f1b4c3e18771bb258722562ba37165b20b70acfa3d5decd8e2c06fcb265e
ood_beta,generative,common_output_support,497,k_absolute_error,0.08830762351889111,0.0641627543035994,0.11468812877263578,95,data/atencion_armonica/generative_evidence_reader_v1/fresh/ood_beta/evaluation/summary.json,a721f1b4c3e18771bb258722562ba37165b20b70acfa3d5decd8e2c06fcb265e
ood_beta,generative,common_output_support,497,sub3_member_fraction,0.0,0.0,0.0,95,data/atencion_armonica/generative_evidence_reader_v1/fresh/ood_beta/evaluation/summary.json,a721f1b4c3e18771bb258722562ba37165b20b70acfa3d5decd8e2c06fcb265e
ood_beta,generative,common_output_support,497,vi,0.22458590128678535,0.20499056698097018,0.24559591852324347,95,data/atencion_armonica/generative_evidence_reader_v1/fresh/ood_beta/evaluation/summary.json,a721f1b4c3e18771bb258722562ba37165b20b70acfa3d5decd8e2c06fcb265e
ood_beta,generative,common_output_support,497,vi_normalized,0.08380234838164735,0.07633558913290076,0.09153363088438758,95,data/atencion_armonica/generative_evidence_reader_v1/fresh/ood_beta/evaluation/summary.json,a721f1b4c3e18771bb258722562ba37165b20b70acfa3d5decd8e2c06fcb265e
ood_beta,generative,common_output_support,497,split_entropy,0.12254615573671576,0.11112160427035452,0.13443258229809968,95,data/atencion_armonica/generative_evidence_reader_v1/fresh/ood_beta/evaluation/summary.json,a721f1b4c3e18771bb258722562ba37165b20b70acfa3d5decd8e2c06fcb265e
ood_beta,generative,common_output_support,497,merge_entropy,0.1020397455500696,0.09192631607556975,0.11258124694426853,95,data/atencion_armonica/generative_evidence_reader_v1/fresh/ood_beta/evaluation/summary.json,a721f1b4c3e18771bb258722562ba37165b20b70acfa3d5decd8e2c06fcb265e
ood_beta,generative,common_output_support,497,split_normalized,0.04556896554924007,0.041366708795564665,0.050033684785368786,95,data/atencion_armonica/generative_evidence_reader_v1/fresh/ood_beta/evaluation/summary.json,a721f1b4c3e18771bb258722562ba37165b20b70acfa3d5decd8e2c06fcb265e
ood_beta,generative,common_output_support,497,merge_normalized,0.03823338283240727,0.03443121547684848,0.04224048245463127,95,data/atencion_armonica/generative_evidence_reader_v1/fresh/ood_beta/evaluation/summary.json,a721f1b4c3e18771bb258722562ba37165b20b70acfa3d5decd8e2c06fcb265e
ood_beta,local,common_output_support,497,ari,0.8466770671676005,0.8326210591239046,0.8601391110399527,95,data/atencion_armonica/generative_evidence_reader_v1/fresh/ood_beta/evaluation/summary.json,a721f1b4c3e18771bb258722562ba37165b20b70acfa3d5decd8e2c06fcb265e
ood_beta,local,common_output_support,497,exact_partition,0.5441538117594455,0.5110663983903417,0.5765761234071093,95,data/atencion_armonica/generative_evidence_reader_v1/fresh/ood_beta/evaluation/summary.json,a721f1b4c3e18771bb258722562ba37165b20b70acfa3d5decd8e2c06fcb265e
ood_beta,local,common_output_support,497,pair_disagreement,0.07141250160340157,0.06500008733344699,0.07812583302952698,95,data/atencion_armonica/generative_evidence_reader_v1/fresh/ood_beta/evaluation/summary.json,a721f1b4c3e18771bb258722562ba37165b20b70acfa3d5decd8e2c06fcb265e
ood_beta,local,common_output_support,497,k_inferred,2.4918399284596466,2.4480158730158723,2.535881958417169,95,data/atencion_armonica/generative_evidence_reader_v1/fresh/ood_beta/evaluation/summary.json,a721f1b4c3e18771bb258722562ba37165b20b70acfa3d5decd8e2c06fcb265e
ood_beta,local,common_output_support,497,k_error,0.03509948580371115,0.01452604515984797,0.0556729264475743,95,data/atencion_armonica/generative_evidence_reader_v1/fresh/ood_beta/evaluation/summary.json,a721f1b4c3e18771bb258722562ba37165b20b70acfa3d5decd8e2c06fcb265e
ood_beta,local,common_output_support,497,k_absolute_error,0.06326849988821821,0.04359490274983231,0.0856248602727476,95,data/atencion_armonica/generative_evidence_reader_v1/fresh/ood_beta/evaluation/summary.json,a721f1b4c3e18771bb258722562ba37165b20b70acfa3d5decd8e2c06fcb265e
ood_beta,local,common_output_support,497,sub3_member_fraction,0.0,0.0,0.0,95,data/atencion_armonica/generative_evidence_reader_v1/fresh/ood_beta/evaluation/summary.json,a721f1b4c3e18771bb258722562ba37165b20b70acfa3d5decd8e2c06fcb265e
ood_beta,local,common_output_support,497,vi,0.22931118730696723,0.2089033289924711,0.2503043327321365,95,data/atencion_armonica/generative_evidence_reader_v1/fresh/ood_beta/evaluation/summary.json,a721f1b4c3e18771bb258722562ba37165b20b70acfa3d5decd8e2c06fcb265e
ood_beta,local,common_output_support,497,vi_normalized,0.08652188627117124,0.0789381996727563,0.09448979695199146,95,data/atencion_armonica/generative_evidence_reader_v1/fresh/ood_beta/evaluation/summary.json,a721f1b4c3e18771bb258722562ba37165b20b70acfa3d5decd8e2c06fcb265e
ood_beta,local,common_output_support,497,split_entropy,0.12110152282239894,0.10980482799081133,0.13291346997578218,95,data/atencion_armonica/generative_evidence_reader_v1/fresh/ood_beta/evaluation/summary.json,a721f1b4c3e18771bb258722562ba37165b20b70acfa3d5decd8e2c06fcb265e
ood_beta,local,common_output_support,497,merge_entropy,0.10820966448456826,0.09758201242124653,0.119043375846294,95,data/atencion_armonica/generative_evidence_reader_v1/fresh/ood_beta/evaluation/summary.json,a721f1b4c3e18771bb258722562ba37165b20b70acfa3d5decd8e2c06fcb265e
ood_beta,local,common_output_support,497,split_normalized,0.045622768146302395,0.04148049091496894,0.05002146190789188,95,data/atencion_armonica/generative_evidence_reader_v1/fresh/ood_beta/evaluation/summary.json,a721f1b4c3e18771bb258722562ba37165b20b70acfa3d5decd8e2c06fcb265e
ood_beta,local,common_output_support,497,merge_normalized,0.04089911812486885,0.03696056347195684,0.044947622816446826,95,data/atencion_armonica/generative_evidence_reader_v1/fresh/ood_beta/evaluation/summary.json,a721f1b4c3e18771bb258722562ba37165b20b70acfa3d5decd8e2c06fcb265e
ood_beta,generative-minus-decoupled,paired_scene_contrast,497,ari,0.013633460190898497,0.008755020560201098,0.01870572096660172,95,data/atencion_armonica/generative_evidence_reader_v1/fresh/ood_beta/evaluation/summary.json,a721f1b4c3e18771bb258722562ba37165b20b70acfa3d5decd8e2c06fcb265e
ood_beta,generative-minus-decoupled,paired_scene_contrast,497,exact_partition,0.025709814442208805,0.01296668902302705,0.0389000670690811,95,data/atencion_armonica/generative_evidence_reader_v1/fresh/ood_beta/evaluation/summary.json,a721f1b4c3e18771bb258722562ba37165b20b70acfa3d5decd8e2c06fcb265e
ood_beta,generative-minus-decoupled,paired_scene_contrast,497,pair_disagreement,-0.006781601560315573,-0.009211516795765826,-0.004465073042033362,95,data/atencion_armonica/generative_evidence_reader_v1/fresh/ood_beta/evaluation/summary.json,a721f1b4c3e18771bb258722562ba37165b20b70acfa3d5decd8e2c06fcb265e
ood_beta,generative-minus-decoupled,paired_scene_contrast,497,k_inferred,0.0013413816230717591,-0.0015649452269170631,0.004694835680751165,95,data/atencion_armonica/generative_evidence_reader_v1/fresh/ood_beta/evaluation/summary.json,a721f1b4c3e18771bb258722562ba37165b20b70acfa3d5decd8e2c06fcb265e
ood_beta,generative-minus-decoupled,paired_scene_contrast,497,k_error,0.001341381623071764,-0.001564945226917058,0.004694835680751173,95,data/atencion_armonica/generative_evidence_reader_v1/fresh/ood_beta/evaluation/summary.json,a721f1b4c3e18771bb258722562ba37165b20b70acfa3d5decd8e2c06fcb265e
ood_beta,generative-minus-decoupled,paired_scene_contrast,497,k_absolute_error,0.001341381623071764,-0.001564945226917058,0.004694835680751173,95,data/atencion_armonica/generative_evidence_reader_v1/fresh/ood_beta/evaluation/summary.json,a721f1b4c3e18771bb258722562ba37165b20b70acfa3d5decd8e2c06fcb265e
ood_beta,generative-minus-decoupled,paired_scene_contrast,497,sub3_member_fraction,0.0,0.0,0.0,95,data/atencion_armonica/generative_evidence_reader_v1/fresh/ood_beta/evaluation/summary.json,a721f1b4c3e18771bb258722562ba37165b20b70acfa3d5decd8e2c06fcb265e
ood_beta,generative-minus-decoupled,paired_scene_contrast,497,vi,-0.017263512976326063,-0.02444913953578231,-0.010450722101899873,95,data/atencion_armonica/generative_evidence_reader_v1/fresh/ood_beta/evaluation/summary.json,a721f1b4c3e18771bb258722562ba37165b20b70acfa3d5decd8e2c06fcb265e
ood_beta,generative-minus-decoupled,paired_scene_contrast,497,vi_normalized,-0.007479276406029451,-0.010501253036545226,-0.00466779213325406,95,data/atencion_armonica/generative_evidence_reader_v1/fresh/ood_beta/evaluation/summary.json,a721f1b4c3e18771bb258722562ba37165b20b70acfa3d5decd8e2c06fcb265e
ood_beta,generative-minus-decoupled,paired_scene_contrast,497,split_entropy,-0.008451062794251176,-0.012002590844108544,-0.004986364735277623,95,data/atencion_armonica/generative_evidence_reader_v1/fresh/ood_beta/evaluation/summary.json,a721f1b4c3e18771bb258722562ba37165b20b70acfa3d5decd8e2c06fcb265e
ood_beta,generative-minus-decoupled,paired_scene_contrast,497,merge_entropy,-0.008812450182074882,-0.012402850815492271,-0.005426703001834744,95,data/atencion_armonica/generative_evidence_reader_v1/fresh/ood_beta/evaluation/summary.json,a721f1b4c3e18771bb258722562ba37165b20b70acfa3d5decd8e2c06fcb265e
ood_beta,generative-minus-decoupled,paired_scene_contrast,497,split_normalized,-0.0036823562730775366,-0.005203771925496807,-0.0022206940099936683,95,data/atencion_armonica/generative_evidence_reader_v1/fresh/ood_beta/evaluation/summary.json,a721f1b4c3e18771bb258722562ba37165b20b70acfa3d5decd8e2c06fcb265e
ood_beta,generative-minus-decoupled,paired_scene_contrast,497,merge_normalized,-0.003796920132951915,-0.005318931795707288,-0.0023937192644618815,95,data/atencion_armonica/generative_evidence_reader_v1/fresh/ood_beta/evaluation/summary.json,a721f1b4c3e18771bb258722562ba37165b20b70acfa3d5decd8e2c06fcb265e
ood_beta,generative-minus-local,paired_scene_contrast,497,ari,0.003995901912440283,-0.000740694136883852,0.0083940581138696,95,data/atencion_armonica/generative_evidence_reader_v1/fresh/ood_beta/evaluation/summary.json,a721f1b4c3e18771bb258722562ba37165b20b70acfa3d5decd8e2c06fcb265e
ood_beta,generative-minus-local,paired_scene_contrast,497,exact_partition,-0.00022356360384529365,-0.015878604963111997,0.014531634249944105,95,data/atencion_armonica/generative_evidence_reader_v1/fresh/ood_beta/evaluation/summary.json,a721f1b4c3e18771bb258722562ba37165b20b70acfa3d5decd8e2c06fcb265e
ood_beta,generative-minus-local,paired_scene_contrast,497,pair_disagreement,-0.0025418642873540525,-0.004564851062907695,-0.0003862284109060135,95,data/atencion_armonica/generative_evidence_reader_v1/fresh/ood_beta/evaluation/summary.json,a721f1b4c3e18771bb258722562ba37165b20b70acfa3d5decd8e2c06fcb265e
ood_beta,generative-minus-local,paired_scene_contrast,497,k_inferred,0.02503912363067292,0.014755197853789398,0.03621730382293763,95,data/atencion_armonica/generative_evidence_reader_v1/fresh/ood_beta/evaluation/summary.json,a721f1b4c3e18771bb258722562ba37165b20b70acfa3d5decd8e2c06fcb265e
ood_beta,generative-minus-local,paired_scene_contrast,497,k_error,0.025039123630672927,0.014755197853789401,0.03621730382293763,95,data/atencion_armonica/generative_evidence_reader_v1/fresh/ood_beta/evaluation/summary.json,a721f1b4c3e18771bb258722562ba37165b20b70acfa3d5decd8e2c06fcb265e
ood_beta,generative-minus-local,paired_scene_contrast,497,k_absolute_error,0.025039123630672927,0.014755197853789401,0.03621730382293763,95,data/atencion_armonica/generative_evidence_reader_v1/fresh/ood_beta/evaluation/summary.json,a721f1b4c3e18771bb258722562ba37165b20b70acfa3d5decd8e2c06fcb265e
ood_beta,generative-minus-local,paired_scene_contrast,497,sub3_member_fraction,0.0,0.0,0.0,95,data/atencion_armonica/generative_evidence_reader_v1/fresh/ood_beta/evaluation/summary.json,a721f1b4c3e18771bb258722562ba37165b20b70acfa3d5decd8e2c06fcb265e
ood_beta,generative-minus-local,paired_scene_contrast,497,vi,-0.00472528602018186,-0.010961011991339175,0.0019706020784153967,95,data/atencion_armonica/generative_evidence_reader_v1/fresh/ood_beta/evaluation/summary.json,a721f1b4c3e18771bb258722562ba37165b20b70acfa3d5decd8e2c06fcb265e
ood_beta,generative-minus-local,paired_scene_contrast,497,vi_normalized,-0.002719537889523901,-0.005108143588235807,-0.00016324063617218342,95,data/atencion_armonica/generative_evidence_reader_v1/fresh/ood_beta/evaluation/summary.json,a721f1b4c3e18771bb258722562ba37165b20b70acfa3d5decd8e2c06fcb265e
ood_beta,generative-minus-local,paired_scene_contrast,497,split_entropy,0.0014446329143168056,-0.00258306108312948,0.005909736342434935,95,data/atencion_armonica/generative_evidence_reader_v1/fresh/ood_beta/evaluation/summary.json,a721f1b4c3e18771bb258722562ba37165b20b70acfa3d5decd8e2c06fcb265e
ood_beta,generative-minus-local,paired_scene_contrast,497,merge_entropy,-0.006169918934498666,-0.009014911661861654,-0.0032416394167643623,95,data/atencion_armonica/generative_evidence_reader_v1/fresh/ood_beta/evaluation/summary.json,a721f1b4c3e18771bb258722562ba37165b20b70acfa3d5decd8e2c06fcb265e
ood_beta,generative-minus-local,paired_scene_contrast,497,split_normalized,-5.380259706231965e-05,-0.0015361896258937345,0.0015337009983621773,95,data/atencion_armonica/generative_evidence_reader_v1/fresh/ood_beta/evaluation/summary.json,a721f1b4c3e18771bb258722562ba37165b20b70acfa3d5decd8e2c06fcb265e
ood_beta,generative-minus-local,paired_scene_contrast,497,merge_normalized,-0.00266573529246158,-0.0037593901554998366,-0.0015343476788229693,95,data/atencion_armonica/generative_evidence_reader_v1/fresh/ood_beta/evaluation/summary.json,a721f1b4c3e18771bb258722562ba37165b20b70acfa3d5decd8e2c06fcb265e
ood_beta,base,system_common_support,497,ari,0.9454022947810385,,,,data/atencion_armonica/generative_evidence_reader_v1/fresh/ood_beta/evaluation/summary.json,a721f1b4c3e18771bb258722562ba37165b20b70acfa3d5decd8e2c06fcb265e
ood_beta,base,system_common_support,497,exact_partition,0.8611670020120724,,,,data/atencion_armonica/generative_evidence_reader_v1/fresh/ood_beta/evaluation/summary.json,a721f1b4c3e18771bb258722562ba37165b20b70acfa3d5decd8e2c06fcb265e
ood_beta,base,system_common_support,497,pair_disagreement,0.025116959769612514,,,,data/atencion_armonica/generative_evidence_reader_v1/fresh/ood_beta/evaluation/summary.json,a721f1b4c3e18771bb258722562ba37165b20b70acfa3d5decd8e2c06fcb265e
ood_beta,base,system_common_support,497,k_inferred,2.4728370221327967,,,,data/atencion_armonica/generative_evidence_reader_v1/fresh/ood_beta/evaluation/summary.json,a721f1b4c3e18771bb258722562ba37165b20b70acfa3d5decd8e2c06fcb265e
ood_beta,base,system_common_support,497,k_error,0.01609657947686117,,,,data/atencion_armonica/generative_evidence_reader_v1/fresh/ood_beta/evaluation/summary.json,a721f1b4c3e18771bb258722562ba37165b20b70acfa3d5decd8e2c06fcb265e
ood_beta,base,system_common_support,497,k_absolute_error,0.04426559356136821,,,,data/atencion_armonica/generative_evidence_reader_v1/fresh/ood_beta/evaluation/summary.json,a721f1b4c3e18771bb258722562ba37165b20b70acfa3d5decd8e2c06fcb265e
ood_beta,base,system_common_support,497,sub3_member_fraction,0.0,,,,data/atencion_armonica/generative_evidence_reader_v1/fresh/ood_beta/evaluation/summary.json,a721f1b4c3e18771bb258722562ba37165b20b70acfa3d5decd8e2c06fcb265e
ood_beta,base,system_common_support,497,vi,0.08559338388541275,,,,data/atencion_armonica/generative_evidence_reader_v1/fresh/ood_beta/evaluation/summary.json,a721f1b4c3e18771bb258722562ba37165b20b70acfa3d5decd8e2c06fcb265e
ood_beta,base,system_common_support,497,vi_normalized,0.031610732702701747,,,,data/atencion_armonica/generative_evidence_reader_v1/fresh/ood_beta/evaluation/summary.json,a721f1b4c3e18771bb258722562ba37165b20b70acfa3d5decd8e2c06fcb265e
ood_beta,base,system_common_support,497,split_entropy,0.04594982402416595,,,,data/atencion_armonica/generative_evidence_reader_v1/fresh/ood_beta/evaluation/summary.json,a721f1b4c3e18771bb258722562ba37165b20b70acfa3d5decd8e2c06fcb265e
ood_beta,base,system_common_support,497,merge_entropy,0.03964355986124681,,,,data/atencion_armonica/generative_evidence_reader_v1/fresh/ood_beta/evaluation/summary.json,a721f1b4c3e18771bb258722562ba37165b20b70acfa3d5decd8e2c06fcb265e
ood_beta,base,system_common_support,497,split_normalized,0.016981829488406906,,,,data/atencion_armonica/generative_evidence_reader_v1/fresh/ood_beta/evaluation/summary.json,a721f1b4c3e18771bb258722562ba37165b20b70acfa3d5decd8e2c06fcb265e
ood_beta,base,system_common_support,497,merge_normalized,0.014628903214294836,,,,data/atencion_armonica/generative_evidence_reader_v1/fresh/ood_beta/evaluation/summary.json,a721f1b4c3e18771bb258722562ba37165b20b70acfa3d5decd8e2c06fcb265e
ood_beta,extended,system_common_support,497,ari,0.9454022947810385,,,,data/atencion_armonica/generative_evidence_reader_v1/fresh/ood_beta/evaluation/summary.json,a721f1b4c3e18771bb258722562ba37165b20b70acfa3d5decd8e2c06fcb265e
ood_beta,extended,system_common_support,497,exact_partition,0.8611670020120724,,,,data/atencion_armonica/generative_evidence_reader_v1/fresh/ood_beta/evaluation/summary.json,a721f1b4c3e18771bb258722562ba37165b20b70acfa3d5decd8e2c06fcb265e
ood_beta,extended,system_common_support,497,pair_disagreement,0.025116959769612514,,,,data/atencion_armonica/generative_evidence_reader_v1/fresh/ood_beta/evaluation/summary.json,a721f1b4c3e18771bb258722562ba37165b20b70acfa3d5decd8e2c06fcb265e
ood_beta,extended,system_common_support,497,k_inferred,2.4728370221327967,,,,data/atencion_armonica/generative_evidence_reader_v1/fresh/ood_beta/evaluation/summary.json,a721f1b4c3e18771bb258722562ba37165b20b70acfa3d5decd8e2c06fcb265e
ood_beta,extended,system_common_support,497,k_error,0.01609657947686117,,,,data/atencion_armonica/generative_evidence_reader_v1/fresh/ood_beta/evaluation/summary.json,a721f1b4c3e18771bb258722562ba37165b20b70acfa3d5decd8e2c06fcb265e
ood_beta,extended,system_common_support,497,k_absolute_error,0.04426559356136821,,,,data/atencion_armonica/generative_evidence_reader_v1/fresh/ood_beta/evaluation/summary.json,a721f1b4c3e18771bb258722562ba37165b20b70acfa3d5decd8e2c06fcb265e
ood_beta,extended,system_common_support,497,sub3_member_fraction,0.0,,,,data/atencion_armonica/generative_evidence_reader_v1/fresh/ood_beta/evaluation/summary.json,a721f1b4c3e18771bb258722562ba37165b20b70acfa3d5decd8e2c06fcb265e
ood_beta,extended,system_common_support,497,vi,0.08559338388541275,,,,data/atencion_armonica/generative_evidence_reader_v1/fresh/ood_beta/evaluation/summary.json,a721f1b4c3e18771bb258722562ba37165b20b70acfa3d5decd8e2c06fcb265e
ood_beta,extended,system_common_support,497,vi_normalized,0.031610732702701747,,,,data/atencion_armonica/generative_evidence_reader_v1/fresh/ood_beta/evaluation/summary.json,a721f1b4c3e18771bb258722562ba37165b20b70acfa3d5decd8e2c06fcb265e
ood_beta,extended,system_common_support,497,split_entropy,0.04594982402416595,,,,data/atencion_armonica/generative_evidence_reader_v1/fresh/ood_beta/evaluation/summary.json,a721f1b4c3e18771bb258722562ba37165b20b70acfa3d5decd8e2c06fcb265e
ood_beta,extended,system_common_support,497,merge_entropy,0.03964355986124681,,,,data/atencion_armonica/generative_evidence_reader_v1/fresh/ood_beta/evaluation/summary.json,a721f1b4c3e18771bb258722562ba37165b20b70acfa3d5decd8e2c06fcb265e
ood_beta,extended,system_common_support,497,split_normalized,0.016981829488406906,,,,data/atencion_armonica/generative_evidence_reader_v1/fresh/ood_beta/evaluation/summary.json,a721f1b4c3e18771bb258722562ba37165b20b70acfa3d5decd8e2c06fcb265e
ood_beta,extended,system_common_support,497,merge_normalized,0.014628903214294836,,,,data/atencion_armonica/generative_evidence_reader_v1/fresh/ood_beta/evaluation/summary.json,a721f1b4c3e18771bb258722562ba37165b20b70acfa3d5decd8e2c06fcb265e
ood_beta,historical-2026090721,system_common_support,497,ari,0.7705974412125195,,,,data/atencion_armonica/generative_evidence_reader_v1/fresh/ood_beta/evaluation/summary.json,a721f1b4c3e18771bb258722562ba37165b20b70acfa3d5decd8e2c06fcb265e
ood_beta,historical-2026090721,system_common_support,497,exact_partition,0.23943661971830985,,,,data/atencion_armonica/generative_evidence_reader_v1/fresh/ood_beta/evaluation/summary.json,a721f1b4c3e18771bb258722562ba37165b20b70acfa3d5decd8e2c06fcb265e
ood_beta,historical-2026090721,system_common_support,497,pair_disagreement,0.10151664726058195,,,,data/atencion_armonica/generative_evidence_reader_v1/fresh/ood_beta/evaluation/summary.json,a721f1b4c3e18771bb258722562ba37165b20b70acfa3d5decd8e2c06fcb265e
ood_beta,historical-2026090721,system_common_support,497,k_inferred,3.448692152917505,,,,data/atencion_armonica/generative_evidence_reader_v1/fresh/ood_beta/evaluation/summary.json,a721f1b4c3e18771bb258722562ba37165b20b70acfa3d5decd8e2c06fcb265e
ood_beta,historical-2026090721,system_common_support,497,k_error,0.9919517102615694,,,,data/atencion_armonica/generative_evidence_reader_v1/fresh/ood_beta/evaluation/summary.json,a721f1b4c3e18771bb258722562ba37165b20b70acfa3d5decd8e2c06fcb265e
ood_beta,historical-2026090721,system_common_support,497,k_absolute_error,0.9919517102615694,,,,data/atencion_armonica/generative_evidence_reader_v1/fresh/ood_beta/evaluation/summary.json,a721f1b4c3e18771bb258722562ba37165b20b70acfa3d5decd8e2c06fcb265e
ood_beta,historical-2026090721,system_common_support,497,sub3_member_fraction,0.09744245847589915,,,,data/atencion_armonica/generative_evidence_reader_v1/fresh/ood_beta/evaluation/summary.json,a721f1b4c3e18771bb258722562ba37165b20b70acfa3d5decd8e2c06fcb265e
ood_beta,historical-2026090721,system_common_support,497,vi,0.34646021810636013,,,,data/atencion_armonica/generative_evidence_reader_v1/fresh/ood_beta/evaluation/summary.json,a721f1b4c3e18771bb258722562ba37165b20b70acfa3d5decd8e2c06fcb265e
ood_beta,historical-2026090721,system_common_support,497,vi_normalized,0.1314510171426462,,,,data/atencion_armonica/generative_evidence_reader_v1/fresh/ood_beta/evaluation/summary.json,a721f1b4c3e18771bb258722562ba37165b20b70acfa3d5decd8e2c06fcb265e
ood_beta,historical-2026090721,system_common_support,497,split_entropy,0.2896096876876087,,,,data/atencion_armonica/generative_evidence_reader_v1/fresh/ood_beta/evaluation/summary.json,a721f1b4c3e18771bb258722562ba37165b20b70acfa3d5decd8e2c06fcb265e
ood_beta,historical-2026090721,system_common_support,497,merge_entropy,0.05685053041875169,,,,data/atencion_armonica/generative_evidence_reader_v1/fresh/ood_beta/evaluation/summary.json,a721f1b4c3e18771bb258722562ba37165b20b70acfa3d5decd8e2c06fcb265e
ood_beta,historical-2026090721,system_common_support,497,split_normalized,0.11042653664158576,,,,data/atencion_armonica/generative_evidence_reader_v1/fresh/ood_beta/evaluation/summary.json,a721f1b4c3e18771bb258722562ba37165b20b70acfa3d5decd8e2c06fcb265e
ood_beta,historical-2026090721,system_common_support,497,merge_normalized,0.021024480501060323,,,,data/atencion_armonica/generative_evidence_reader_v1/fresh/ood_beta/evaluation/summary.json,a721f1b4c3e18771bb258722562ba37165b20b70acfa3d5decd8e2c06fcb265e
ood_beta,historical-2026090721,system_all_scenes,512,ari,0.768703952546455,,,,data/atencion_armonica/generative_evidence_reader_v1/fresh/ood_beta/evaluation/summary.json,a721f1b4c3e18771bb258722562ba37165b20b70acfa3d5decd8e2c06fcb265e
ood_beta,historical-2026090721,system_all_scenes,512,exact_partition,0.232421875,,,,data/atencion_armonica/generative_evidence_reader_v1/fresh/ood_beta/evaluation/summary.json,a721f1b4c3e18771bb258722562ba37165b20b70acfa3d5decd8e2c06fcb265e
ood_beta,historical-2026090721,system_all_scenes,512,pair_disagreement,0.10229002647541385,,,,data/atencion_armonica/generative_evidence_reader_v1/fresh/ood_beta/evaluation/summary.json,a721f1b4c3e18771bb258722562ba37165b20b70acfa3d5decd8e2c06fcb265e
ood_beta,historical-2026090721,system_all_scenes,512,k_inferred,3.46875,,,,data/atencion_armonica/generative_evidence_reader_v1/fresh/ood_beta/evaluation/summary.json,a721f1b4c3e18771bb258722562ba37165b20b70acfa3d5decd8e2c06fcb265e
ood_beta,historical-2026090721,system_all_scenes,512,k_error,1.00390625,,,,data/atencion_armonica/generative_evidence_reader_v1/fresh/ood_beta/evaluation/summary.json,a721f1b4c3e18771bb258722562ba37165b20b70acfa3d5decd8e2c06fcb265e
ood_beta,historical-2026090721,system_all_scenes,512,k_absolute_error,1.00390625,,,,data/atencion_armonica/generative_evidence_reader_v1/fresh/ood_beta/evaluation/summary.json,a721f1b4c3e18771bb258722562ba37165b20b70acfa3d5decd8e2c06fcb265e
ood_beta,historical-2026090721,system_all_scenes,512,sub3_member_fraction,0.09813287329317025,,,,data/atencion_armonica/generative_evidence_reader_v1/fresh/ood_beta/evaluation/summary.json,a721f1b4c3e18771bb258722562ba37165b20b70acfa3d5decd8e2c06fcb265e
ood_beta,historical-2026090721,system_all_scenes,512,vi,0.3525979971606162,,,,data/atencion_armonica/generative_evidence_reader_v1/fresh/ood_beta/evaluation/summary.json,a721f1b4c3e18771bb258722562ba37165b20b70acfa3d5decd8e2c06fcb265e
ood_beta,historical-2026090721,system_all_scenes,512,vi_normalized,0.1333541653484985,,,,data/atencion_armonica/generative_evidence_reader_v1/fresh/ood_beta/evaluation/summary.json,a721f1b4c3e18771bb258722562ba37165b20b70acfa3d5decd8e2c06fcb265e
ood_beta,historical-2026090721,system_all_scenes,512,split_entropy,0.2928972634688358,,,,data/atencion_armonica/generative_evidence_reader_v1/fresh/ood_beta/evaluation/summary.json,a721f1b4c3e18771bb258722562ba37165b20b70acfa3d5decd8e2c06fcb265e
ood_beta,historical-2026090721,system_all_scenes,512,merge_entropy,0.05970073369178061,,,,data/atencion_armonica/generative_evidence_reader_v1/fresh/ood_beta/evaluation/summary.json,a721f1b4c3e18771bb258722562ba37165b20b70acfa3d5decd8e2c06fcb265e
ood_beta,historical-2026090721,system_all_scenes,512,split_normalized,0.111384656313149,,,,data/atencion_armonica/generative_evidence_reader_v1/fresh/ood_beta/evaluation/summary.json,a721f1b4c3e18771bb258722562ba37165b20b70acfa3d5decd8e2c06fcb265e
ood_beta,historical-2026090721,system_all_scenes,512,merge_normalized,0.021969509035349406,,,,data/atencion_armonica/generative_evidence_reader_v1/fresh/ood_beta/evaluation/summary.json,a721f1b4c3e18771bb258722562ba37165b20b70acfa3d5decd8e2c06fcb265e
ood_beta,historical-2026090722,system_common_support,497,ari,0.8487409657847735,,,,data/atencion_armonica/generative_evidence_reader_v1/fresh/ood_beta/evaluation/summary.json,a721f1b4c3e18771bb258722562ba37165b20b70acfa3d5decd8e2c06fcb265e
ood_beta,historical-2026090722,system_common_support,497,exact_partition,0.44668008048289737,,,,data/atencion_armonica/generative_evidence_reader_v1/fresh/ood_beta/evaluation/summary.json,a721f1b4c3e18771bb258722562ba37165b20b70acfa3d5decd8e2c06fcb265e
ood_beta,historical-2026090722,system_common_support,497,pair_disagreement,0.06684748421123059,,,,data/atencion_armonica/generative_evidence_reader_v1/fresh/ood_beta/evaluation/summary.json,a721f1b4c3e18771bb258722562ba37165b20b70acfa3d5decd8e2c06fcb265e
ood_beta,historical-2026090722,system_common_support,497,k_inferred,2.9557344064386317,,,,data/atencion_armonica/generative_evidence_reader_v1/fresh/ood_beta/evaluation/summary.json,a721f1b4c3e18771bb258722562ba37165b20b70acfa3d5decd8e2c06fcb265e
ood_beta,historical-2026090722,system_common_support,497,k_error,0.49899396378269617,,,,data/atencion_armonica/generative_evidence_reader_v1/fresh/ood_beta/evaluation/summary.json,a721f1b4c3e18771bb258722562ba37165b20b70acfa3d5decd8e2c06fcb265e
ood_beta,historical-2026090722,system_common_support,497,k_absolute_error,0.49899396378269617,,,,data/atencion_armonica/generative_evidence_reader_v1/fresh/ood_beta/evaluation/summary.json,a721f1b4c3e18771bb258722562ba37165b20b70acfa3d5decd8e2c06fcb265e
ood_beta,historical-2026090722,system_common_support,497,sub3_member_fraction,0.04320696620868967,,,,data/atencion_armonica/generative_evidence_reader_v1/fresh/ood_beta/evaluation/summary.json,a721f1b4c3e18771bb258722562ba37165b20b70acfa3d5decd8e2c06fcb265e
ood_beta,historical-2026090722,system_common_support,497,vi,0.23693729301451455,,,,data/atencion_armonica/generative_evidence_reader_v1/fresh/ood_beta/evaluation/summary.json,a721f1b4c3e18771bb258722562ba37165b20b70acfa3d5decd8e2c06fcb265e
ood_beta,historical-2026090722,system_common_support,497,vi_normalized,0.08848822447539093,,,,data/atencion_armonica/generative_evidence_reader_v1/fresh/ood_beta/evaluation/summary.json,a721f1b4c3e18771bb258722562ba37165b20b70acfa3d5decd8e2c06fcb265e
ood_beta,historical-2026090722,system_common_support,497,split_entropy,0.17441120243612146,,,,data/atencion_armonica/generative_evidence_reader_v1/fresh/ood_beta/evaluation/summary.json,a721f1b4c3e18771bb258722562ba37165b20b70acfa3d5decd8e2c06fcb265e
ood_beta,historical-2026090722,system_common_support,497,merge_entropy,0.06252609057839294,,,,data/atencion_armonica/generative_evidence_reader_v1/fresh/ood_beta/evaluation/summary.json,a721f1b4c3e18771bb258722562ba37165b20b70acfa3d5decd8e2c06fcb265e
ood_beta,historical-2026090722,system_common_support,497,split_normalized,0.06553701517185061,,,,data/atencion_armonica/generative_evidence_reader_v1/fresh/ood_beta/evaluation/summary.json,a721f1b4c3e18771bb258722562ba37165b20b70acfa3d5decd8e2c06fcb265e
ood_beta,historical-2026090722,system_common_support,497,merge_normalized,0.02295120930354031,,,,data/atencion_armonica/generative_evidence_reader_v1/fresh/ood_beta/evaluation/summary.json,a721f1b4c3e18771bb258722562ba37165b20b70acfa3d5decd8e2c06fcb265e
ood_beta,historical-2026090722,system_all_scenes,512,ari,0.8448945911314637,,,,data/atencion_armonica/generative_evidence_reader_v1/fresh/ood_beta/evaluation/summary.json,a721f1b4c3e18771bb258722562ba37165b20b70acfa3d5decd8e2c06fcb265e
ood_beta,historical-2026090722,system_all_scenes,512,exact_partition,0.43359375,,,,data/atencion_armonica/generative_evidence_reader_v1/fresh/ood_beta/evaluation/summary.json,a721f1b4c3e18771bb258722562ba37165b20b70acfa3d5decd8e2c06fcb265e
ood_beta,historical-2026090722,system_all_scenes,512,pair_disagreement,0.06842812208518369,,,,data/atencion_armonica/generative_evidence_reader_v1/fresh/ood_beta/evaluation/summary.json,a721f1b4c3e18771bb258722562ba37165b20b70acfa3d5decd8e2c06fcb265e
ood_beta,historical-2026090722,system_all_scenes,512,k_inferred,2.978515625,,,,data/atencion_armonica/generative_evidence_reader_v1/fresh/ood_beta/evaluation/summary.json,a721f1b4c3e18771bb258722562ba37165b20b70acfa3d5decd8e2c06fcb265e
ood_beta,historical-2026090722,system_all_scenes,512,k_error,0.513671875,,,,data/atencion_armonica/generative_evidence_reader_v1/fresh/ood_beta/evaluation/summary.json,a721f1b4c3e18771bb258722562ba37165b20b70acfa3d5decd8e2c06fcb265e
ood_beta,historical-2026090722,system_all_scenes,512,k_absolute_error,0.513671875,,,,data/atencion_armonica/generative_evidence_reader_v1/fresh/ood_beta/evaluation/summary.json,a721f1b4c3e18771bb258722562ba37165b20b70acfa3d5decd8e2c06fcb265e
ood_beta,historical-2026090722,system_all_scenes,512,sub3_member_fraction,0.04397359823857292,,,,data/atencion_armonica/generative_evidence_reader_v1/fresh/ood_beta/evaluation/summary.json,a721f1b4c3e18771bb258722562ba37165b20b70acfa3d5decd8e2c06fcb265e
ood_beta,historical-2026090722,system_all_scenes,512,vi,0.24555970607185373,,,,data/atencion_armonica/generative_evidence_reader_v1/fresh/ood_beta/evaluation/summary.json,a721f1b4c3e18771bb258722562ba37165b20b70acfa3d5decd8e2c06fcb265e
ood_beta,historical-2026090722,system_all_scenes,512,vi_normalized,0.09133158143806135,,,,data/atencion_armonica/generative_evidence_reader_v1/fresh/ood_beta/evaluation/summary.json,a721f1b4c3e18771bb258722562ba37165b20b70acfa3d5decd8e2c06fcb265e
ood_beta,historical-2026090722,system_all_scenes,512,split_entropy,0.17923480960164342,,,,data/atencion_armonica/generative_evidence_reader_v1/fresh/ood_beta/evaluation/summary.json,a721f1b4c3e18771bb258722562ba37165b20b70acfa3d5decd8e2c06fcb265e
ood_beta,historical-2026090722,system_all_scenes,512,merge_entropy,0.06632489647021021,,,,data/atencion_armonica/generative_evidence_reader_v1/fresh/ood_beta/evaluation/summary.json,a721f1b4c3e18771bb258722562ba37165b20b70acfa3d5decd8e2c06fcb265e
ood_beta,historical-2026090722,system_all_scenes,512,split_normalized,0.06710213337636335,,,,data/atencion_armonica/generative_evidence_reader_v1/fresh/ood_beta/evaluation/summary.json,a721f1b4c3e18771bb258722562ba37165b20b70acfa3d5decd8e2c06fcb265e
ood_beta,historical-2026090722,system_all_scenes,512,merge_normalized,0.02422944806169797,,,,data/atencion_armonica/generative_evidence_reader_v1/fresh/ood_beta/evaluation/summary.json,a721f1b4c3e18771bb258722562ba37165b20b70acfa3d5decd8e2c06fcb265e
ood_beta,historical-2026090723,system_common_support,497,ari,0.8012083264047167,,,,data/atencion_armonica/generative_evidence_reader_v1/fresh/ood_beta/evaluation/summary.json,a721f1b4c3e18771bb258722562ba37165b20b70acfa3d5decd8e2c06fcb265e
ood_beta,historical-2026090723,system_common_support,497,exact_partition,0.3199195171026157,,,,data/atencion_armonica/generative_evidence_reader_v1/fresh/ood_beta/evaluation/summary.json,a721f1b4c3e18771bb258722562ba37165b20b70acfa3d5decd8e2c06fcb265e
ood_beta,historical-2026090723,system_common_support,497,pair_disagreement,0.0881171886213511,,,,data/atencion_armonica/generative_evidence_reader_v1/fresh/ood_beta/evaluation/summary.json,a721f1b4c3e18771bb258722562ba37165b20b70acfa3d5decd8e2c06fcb265e
ood_beta,historical-2026090723,system_common_support,497,k_inferred,3.319919517102616,,,,data/atencion_armonica/generative_evidence_reader_v1/fresh/ood_beta/evaluation/summary.json,a721f1b4c3e18771bb258722562ba37165b20b70acfa3d5decd8e2c06fcb265e
ood_beta,historical-2026090723,system_common_support,497,k_error,0.8631790744466801,,,,data/atencion_armonica/generative_evidence_reader_v1/fresh/ood_beta/evaluation/summary.json,a721f1b4c3e18771bb258722562ba37165b20b70acfa3d5decd8e2c06fcb265e
ood_beta,historical-2026090723,system_common_support,497,k_absolute_error,0.8672032193158954,,,,data/atencion_armonica/generative_evidence_reader_v1/fresh/ood_beta/evaluation/summary.json,a721f1b4c3e18771bb258722562ba37165b20b70acfa3d5decd8e2c06fcb265e
ood_beta,historical-2026090723,system_common_support,497,sub3_member_fraction,0.09045135820755223,,,,data/atencion_armonica/generative_evidence_reader_v1/fresh/ood_beta/evaluation/summary.json,a721f1b4c3e18771bb258722562ba37165b20b70acfa3d5decd8e2c06fcb265e
ood_beta,historical-2026090723,system_common_support,497,vi,0.30530904663744673,,,,data/atencion_armonica/generative_evidence_reader_v1/fresh/ood_beta/evaluation/summary.json,a721f1b4c3e18771bb258722562ba37165b20b70acfa3d5decd8e2c06fcb265e
ood_beta,historical-2026090723,system_common_support,497,vi_normalized,0.11497229933631879,,,,data/atencion_armonica/generative_evidence_reader_v1/fresh/ood_beta/evaluation/summary.json,a721f1b4c3e18771bb258722562ba37165b20b70acfa3d5decd8e2c06fcb265e
ood_beta,historical-2026090723,system_common_support,497,split_entropy,0.25257757598564895,,,,data/atencion_armonica/generative_evidence_reader_v1/fresh/ood_beta/evaluation/summary.json,a721f1b4c3e18771bb258722562ba37165b20b70acfa3d5decd8e2c06fcb265e
ood_beta,historical-2026090723,system_common_support,497,merge_entropy,0.052731470651797924,,,,data/atencion_armonica/generative_evidence_reader_v1/fresh/ood_beta/evaluation/summary.json,a721f1b4c3e18771bb258722562ba37165b20b70acfa3d5decd8e2c06fcb265e
ood_beta,historical-2026090723,system_common_support,497,split_normalized,0.095707672261155,,,,data/atencion_armonica/generative_evidence_reader_v1/fresh/ood_beta/evaluation/summary.json,a721f1b4c3e18771bb258722562ba37165b20b70acfa3d5decd8e2c06fcb265e
ood_beta,historical-2026090723,system_common_support,497,merge_normalized,0.019264627075163722,,,,data/atencion_armonica/generative_evidence_reader_v1/fresh/ood_beta/evaluation/summary.json,a721f1b4c3e18771bb258722562ba37165b20b70acfa3d5decd8e2c06fcb265e
ood_beta,historical-2026090723,system_all_scenes,512,ari,0.7979804528135331,,,,data/atencion_armonica/generative_evidence_reader_v1/fresh/ood_beta/evaluation/summary.json,a721f1b4c3e18771bb258722562ba37165b20b70acfa3d5decd8e2c06fcb265e
ood_beta,historical-2026090723,system_all_scenes,512,exact_partition,0.310546875,,,,data/atencion_armonica/generative_evidence_reader_v1/fresh/ood_beta/evaluation/summary.json,a721f1b4c3e18771bb258722562ba37165b20b70acfa3d5decd8e2c06fcb265e
ood_beta,historical-2026090723,system_all_scenes,512,pair_disagreement,0.08951466843129015,,,,data/atencion_armonica/generative_evidence_reader_v1/fresh/ood_beta/evaluation/summary.json,a721f1b4c3e18771bb258722562ba37165b20b70acfa3d5decd8e2c06fcb265e
ood_beta,historical-2026090723,system_all_scenes,512,k_inferred,3.34375,,,,data/atencion_armonica/generative_evidence_reader_v1/fresh/ood_beta/evaluation/summary.json,a721f1b4c3e18771bb258722562ba37165b20b70acfa3d5decd8e2c06fcb265e
ood_beta,historical-2026090723,system_all_scenes,512,k_error,0.87890625,,,,data/atencion_armonica/generative_evidence_reader_v1/fresh/ood_beta/evaluation/summary.json,a721f1b4c3e18771bb258722562ba37165b20b70acfa3d5decd8e2c06fcb265e
ood_beta,historical-2026090723,system_all_scenes,512,k_absolute_error,0.8828125,,,,data/atencion_armonica/generative_evidence_reader_v1/fresh/ood_beta/evaluation/summary.json,a721f1b4c3e18771bb258722562ba37165b20b70acfa3d5decd8e2c06fcb265e
ood_beta,historical-2026090723,system_all_scenes,512,sub3_member_fraction,0.09158537288023784,,,,data/atencion_armonica/generative_evidence_reader_v1/fresh/ood_beta/evaluation/summary.json,a721f1b4c3e18771bb258722562ba37165b20b70acfa3d5decd8e2c06fcb265e
ood_beta,historical-2026090723,system_all_scenes,512,vi,0.31330259604034866,,,,data/atencion_armonica/generative_evidence_reader_v1/fresh/ood_beta/evaluation/summary.json,a721f1b4c3e18771bb258722562ba37165b20b70acfa3d5decd8e2c06fcb265e
ood_beta,historical-2026090723,system_all_scenes,512,vi_normalized,0.11764423985963922,,,,data/atencion_armonica/generative_evidence_reader_v1/fresh/ood_beta/evaluation/summary.json,a721f1b4c3e18771bb258722562ba37165b20b70acfa3d5decd8e2c06fcb265e
ood_beta,historical-2026090723,system_all_scenes,512,split_entropy,0.2575195145588399,,,,data/atencion_armonica/generative_evidence_reader_v1/fresh/ood_beta/evaluation/summary.json,a721f1b4c3e18771bb258722562ba37165b20b70acfa3d5decd8e2c06fcb265e
ood_beta,historical-2026090723,system_all_scenes,512,merge_entropy,0.05578308148150868,,,,data/atencion_armonica/generative_evidence_reader_v1/fresh/ood_beta/evaluation/summary.json,a721f1b4c3e18771bb258722562ba37165b20b70acfa3d5decd8e2c06fcb265e
ood_beta,historical-2026090723,system_all_scenes,512,split_normalized,0.09732225402845114,,,,data/atencion_armonica/generative_evidence_reader_v1/fresh/ood_beta/evaluation/summary.json,a721f1b4c3e18771bb258722562ba37165b20b70acfa3d5decd8e2c06fcb265e
ood_beta,historical-2026090723,system_all_scenes,512,merge_normalized,0.020321985831187994,,,,data/atencion_armonica/generative_evidence_reader_v1/fresh/ood_beta/evaluation/summary.json,a721f1b4c3e18771bb258722562ba37165b20b70acfa3d5decd8e2c06fcb265e
ood_polyphony,decoupled,common_output_support,451,ari,0.9312010028541818,0.9214256388161868,0.9409581112046872,95,data/atencion_armonica/generative_evidence_reader_v1/fresh/ood_polyphony/evaluation/summary.json,f265c2d81982b2c40afe04208375e8ef351cca24c18bd112426faacfd20249b5
ood_polyphony,decoupled,common_output_support,451,exact_partition,0.6430155210643016,0.6011271249076124,0.6839122936683908,95,data/atencion_armonica/generative_evidence_reader_v1/fresh/ood_polyphony/evaluation/summary.json,f265c2d81982b2c40afe04208375e8ef351cca24c18bd112426faacfd20249b5
ood_polyphony,decoupled,common_output_support,451,pair_disagreement,0.025199842472287,0.02155589450657331,0.028858563595730555,95,data/atencion_armonica/generative_evidence_reader_v1/fresh/ood_polyphony/evaluation/summary.json,f265c2d81982b2c40afe04208375e8ef351cca24c18bd112426faacfd20249b5
ood_polyphony,decoupled,common_output_support,451,k_inferred,3.9167282581916725,3.8906072924365622,3.9398866715939898,95,data/atencion_armonica/generative_evidence_reader_v1/fresh/ood_polyphony/evaluation/summary.json,f265c2d81982b2c40afe04208375e8ef351cca24c18bd112426faacfd20249b5
ood_polyphony,decoupled,common_output_support,451,k_error,-0.08327174180832718,-0.10939270756343934,-0.060113328406011315,95,data/atencion_armonica/generative_evidence_reader_v1/fresh/ood_polyphony/evaluation/summary.json,f265c2d81982b2c40afe04208375e8ef351cca24c18bd112426faacfd20249b5
ood_polyphony,decoupled,common_output_support,451,k_absolute_error,0.08327174180832718,0.060113328406011315,0.10939270756343931,95,data/atencion_armonica/generative_evidence_reader_v1/fresh/ood_polyphony/evaluation/summary.json,f265c2d81982b2c40afe04208375e8ef351cca24c18bd112426faacfd20249b5
ood_polyphony,decoupled,common_output_support,451,sub3_member_fraction,0.0,0.0,0.0,95,data/atencion_armonica/generative_evidence_reader_v1/fresh/ood_polyphony/evaluation/summary.json,f265c2d81982b2c40afe04208375e8ef351cca24c18bd112426faacfd20249b5
ood_polyphony,decoupled,common_output_support,451,vi,0.13449359232575755,0.11568238455637746,0.1534812298023408,95,data/atencion_armonica/generative_evidence_reader_v1/fresh/ood_polyphony/evaluation/summary.json,f265c2d81982b2c40afe04208375e8ef351cca24c18bd112426faacfd20249b5
ood_polyphony,decoupled,common_output_support,451,vi_normalized,0.042998894079471855,0.03700576813201863,0.04913179746807844,95,data/atencion_armonica/generative_evidence_reader_v1/fresh/ood_polyphony/evaluation/summary.json,f265c2d81982b2c40afe04208375e8ef351cca24c18bd112426faacfd20249b5
ood_polyphony,decoupled,common_output_support,451,split_entropy,0.05581385019426555,0.0480874129028739,0.06387343526681166,95,data/atencion_armonica/generative_evidence_reader_v1/fresh/ood_polyphony/evaluation/summary.json,f265c2d81982b2c40afe04208375e8ef351cca24c18bd112426faacfd20249b5
ood_polyphony,decoupled,common_output_support,451,merge_entropy,0.078679742131492,0.06705709959384319,0.09025072921752525,95,data/atencion_armonica/generative_evidence_reader_v1/fresh/ood_polyphony/evaluation/summary.json,f265c2d81982b2c40afe04208375e8ef351cca24c18bd112426faacfd20249b5
ood_polyphony,decoupled,common_output_support,451,split_normalized,0.01773155242057441,0.015257682186341735,0.020298214629051757,95,data/atencion_armonica/generative_evidence_reader_v1/fresh/ood_polyphony/evaluation/summary.json,f265c2d81982b2c40afe04208375e8ef351cca24c18bd112426faacfd20249b5
ood_polyphony,decoupled,common_output_support,451,merge_normalized,0.025267341658897442,0.02153775756159379,0.029082297751129776,95,data/atencion_armonica/generative_evidence_reader_v1/fresh/ood_polyphony/evaluation/summary.json,f265c2d81982b2c40afe04208375e8ef351cca24c18bd112426faacfd20249b5
ood_polyphony,generative,common_output_support,451,ari,0.9248135861997855,0.9153276651448228,0.9342964956374681,95,data/atencion_armonica/generative_evidence_reader_v1/fresh/ood_polyphony/evaluation/summary.json,f265c2d81982b2c40afe04208375e8ef351cca24c18bd112426faacfd20249b5
ood_polyphony,generative,common_output_support,451,exact_partition,0.6008869179600886,0.5609694506035962,0.6410569105691052,95,data/atencion_armonica/generative_evidence_reader_v1/fresh/ood_polyphony/evaluation/summary.json,f265c2d81982b2c40afe04208375e8ef351cca24c18bd112426faacfd20249b5
ood_polyphony,generative,common_output_support,451,pair_disagreement,0.027539428184853196,0.023943938495475273,0.03112969746543875,95,data/atencion_armonica/generative_evidence_reader_v1/fresh/ood_polyphony/evaluation/summary.json,f265c2d81982b2c40afe04208375e8ef351cca24c18bd112426faacfd20249b5
ood_polyphony,generative,common_output_support,451,k_inferred,3.9078590785907856,3.881251539788127,3.931510224193152,95,data/atencion_armonica/generative_evidence_reader_v1/fresh/ood_polyphony/evaluation/summary.json,f265c2d81982b2c40afe04208375e8ef351cca24c18bd112426faacfd20249b5
ood_polyphony,generative,common_output_support,451,k_error,-0.0921409214092141,-0.11874846021187488,-0.06848977580684895,95,data/atencion_armonica/generative_evidence_reader_v1/fresh/ood_polyphony/evaluation/summary.json,f265c2d81982b2c40afe04208375e8ef351cca24c18bd112426faacfd20249b5
ood_polyphony,generative,common_output_support,451,k_absolute_error,0.0921409214092141,0.06848977580684895,0.11874846021187488,95,data/atencion_armonica/generative_evidence_reader_v1/fresh/ood_polyphony/evaluation/summary.json,f265c2d81982b2c40afe04208375e8ef351cca24c18bd112426faacfd20249b5
ood_polyphony,generative,common_output_support,451,sub3_member_fraction,0.0,0.0,0.0,95,data/atencion_armonica/generative_evidence_reader_v1/fresh/ood_polyphony/evaluation/summary.json,f265c2d81982b2c40afe04208375e8ef351cca24c18bd112426faacfd20249b5
ood_polyphony,generative,common_output_support,451,vi,0.14730238700933596,0.12907463254191895,0.16590471750229832,95,data/atencion_armonica/generative_evidence_reader_v1/fresh/ood_polyphony/evaluation/summary.json,f265c2d81982b2c40afe04208375e8ef351cca24c18bd112426faacfd20249b5
ood_polyphony,generative,common_output_support,451,vi_normalized,0.047069984787073534,0.04119448895893959,0.053088229968344225,95,data/atencion_armonica/generative_evidence_reader_v1/fresh/ood_polyphony/evaluation/summary.json,f265c2d81982b2c40afe04208375e8ef351cca24c18bd112426faacfd20249b5
ood_polyphony,generative,common_output_support,451,split_entropy,0.06108829004131788,0.053378736972290876,0.06915693401305475,95,data/atencion_armonica/generative_evidence_reader_v1/fresh/ood_polyphony/evaluation/summary.json,f265c2d81982b2c40afe04208375e8ef351cca24c18bd112426faacfd20249b5
ood_polyphony,generative,common_output_support,451,merge_entropy,0.08621409696801807,0.07524817484514953,0.09756603343912412,95,data/atencion_armonica/generative_evidence_reader_v1/fresh/ood_polyphony/evaluation/summary.json,f265c2d81982b2c40afe04208375e8ef351cca24c18bd112426faacfd20249b5
ood_polyphony,generative,common_output_support,451,split_normalized,0.019396640837127065,0.016911627007652367,0.021968063370467236,95,data/atencion_armonica/generative_evidence_reader_v1/fresh/ood_polyphony/evaluation/summary.json,f265c2d81982b2c40afe04208375e8ef351cca24c18bd112426faacfd20249b5
ood_polyphony,generative,common_output_support,451,merge_normalized,0.02767334394994646,0.024091369460069408,0.03143757787225261,95,data/atencion_armonica/generative_evidence_reader_v1/fresh/ood_polyphony/evaluation/summary.json,f265c2d81982b2c40afe04208375e8ef351cca24c18bd112426faacfd20249b5
ood_polyphony,local,common_output_support,451,ari,0.9257792193830524,0.9159044450259181,0.9356252321270715,95,data/atencion_armonica/generative_evidence_reader_v1/fresh/ood_polyphony/evaluation/summary.json,f265c2d81982b2c40afe04208375e8ef351cca24c18bd112426faacfd20249b5
ood_polyphony,local,common_output_support,451,exact_partition,0.6235525991623553,0.5828960335057894,0.6651884700665189,95,data/atencion_armonica/generative_evidence_reader_v1/fresh/ood_polyphony/evaluation/summary.json,f265c2d81982b2c40afe04208375e8ef351cca24c18bd112426faacfd20249b5
ood_polyphony,local,common_output_support,451,pair_disagreement,0.027426041375307315,0.023801172945587066,0.031125869713436862,95,data/atencion_armonica/generative_evidence_reader_v1/fresh/ood_polyphony/evaluation/summary.json,f265c2d81982b2c40afe04208375e8ef351cca24c18bd112426faacfd20249b5
ood_polyphony,local,common_output_support,451,k_inferred,3.8837152007883717,3.856368563685638,3.9093372751909357,95,data/atencion_armonica/generative_evidence_reader_v1/fresh/ood_polyphony/evaluation/summary.json,f265c2d81982b2c40afe04208375e8ef351cca24c18bd112426faacfd20249b5
ood_polyphony,local,common_output_support,451,k_error,-0.11628479921162847,-0.14363143631436315,-0.09066272480906624,95,data/atencion_armonica/generative_evidence_reader_v1/fresh/ood_polyphony/evaluation/summary.json,f265c2d81982b2c40afe04208375e8ef351cca24c18bd112426faacfd20249b5
ood_polyphony,local,common_output_support,451,k_absolute_error,0.11628479921162847,0.09066272480906624,0.14363143631436315,95,data/atencion_armonica/generative_evidence_reader_v1/fresh/ood_polyphony/evaluation/summary.json,f265c2d81982b2c40afe04208375e8ef351cca24c18bd112426faacfd20249b5
ood_polyphony,local,common_output_support,451,sub3_member_fraction,0.0,0.0,0.0,95,data/atencion_armonica/generative_evidence_reader_v1/fresh/ood_polyphony/evaluation/summary.json,f265c2d81982b2c40afe04208375e8ef351cca24c18bd112426faacfd20249b5
ood_polyphony,local,common_output_support,451,vi,0.14119201740000417,0.12265637617960566,0.16045619284627125,95,data/atencion_armonica/generative_evidence_reader_v1/fresh/ood_polyphony/evaluation/summary.json,f265c2d81982b2c40afe04208375e8ef351cca24c18bd112426faacfd20249b5
ood_polyphony,local,common_output_support,451,vi_normalized,0.04524924065019487,0.039283329998576165,0.051435393389640885,95,data/atencion_armonica/generative_evidence_reader_v1/fresh/ood_polyphony/evaluation/summary.json,f265c2d81982b2c40afe04208375e8ef351cca24c18bd112426faacfd20249b5
ood_polyphony,local,common_output_support,451,split_entropy,0.054824909541513034,0.047053145440133844,0.06301554593463875,95,data/atencion_armonica/generative_evidence_reader_v1/fresh/ood_polyphony/evaluation/summary.json,f265c2d81982b2c40afe04208375e8ef351cca24c18bd112426faacfd20249b5
ood_polyphony,local,common_output_support,451,merge_entropy,0.08636710785849112,0.07486469430018707,0.09837630927829502,95,data/atencion_armonica/generative_evidence_reader_v1/fresh/ood_polyphony/evaluation/summary.json,f265c2d81982b2c40afe04208375e8ef351cca24c18bd112426faacfd20249b5
ood_polyphony,local,common_output_support,451,split_normalized,0.01742870035593886,0.014975010932747685,0.020058719333157376,95,data/atencion_armonica/generative_evidence_reader_v1/fresh/ood_polyphony/evaluation/summary.json,f265c2d81982b2c40afe04208375e8ef351cca24c18bd112426faacfd20249b5
ood_polyphony,local,common_output_support,451,merge_normalized,0.02782054029425601,0.024090773575678275,0.031766067089056695,95,data/atencion_armonica/generative_evidence_reader_v1/fresh/ood_polyphony/evaluation/summary.json,f265c2d81982b2c40afe04208375e8ef351cca24c18bd112426faacfd20249b5
ood_polyphony,generative-minus-decoupled,paired_scene_contrast,451,ari,-0.006387416654396364,-0.008495775998654646,-0.004445867020378503,95,data/atencion_armonica/generative_evidence_reader_v1/fresh/ood_polyphony/evaluation/summary.json,f265c2d81982b2c40afe04208375e8ef351cca24c18bd112426faacfd20249b5
ood_polyphony,generative-minus-decoupled,paired_scene_contrast,451,exact_partition,-0.04212860310421286,-0.053954175905395335,-0.030795762503079544,95,data/atencion_armonica/generative_evidence_reader_v1/fresh/ood_polyphony/evaluation/summary.json,f265c2d81982b2c40afe04208375e8ef351cca24c18bd112426faacfd20249b5
ood_polyphony,generative-minus-decoupled,paired_scene_contrast,451,pair_disagreement,0.002339585712566196,0.0016383190192551542,0.003099149747923463,95,data/atencion_armonica/generative_evidence_reader_v1/fresh/ood_polyphony/evaluation/summary.json,f265c2d81982b2c40afe04208375e8ef351cca24c18bd112426faacfd20249b5
ood_polyphony,generative-minus-decoupled,paired_scene_contrast,451,k_inferred,-0.008869179600886918,-0.013057403301305736,-0.005173688100517371,95,data/atencion_armonica/generative_evidence_reader_v1/fresh/ood_polyphony/evaluation/summary.json,f265c2d81982b2c40afe04208375e8ef351cca24c18bd112426faacfd20249b5
ood_polyphony,generative-minus-decoupled,paired_scene_contrast,451,k_error,-0.008869179600886918,-0.013057403301305736,-0.0051736881005173705,95,data/atencion_armonica/generative_evidence_reader_v1/fresh/ood_polyphony/evaluation/summary.json,f265c2d81982b2c40afe04208375e8ef351cca24c18bd112426faacfd20249b5
ood_polyphony,generative-minus-decoupled,paired_scene_contrast,451,k_absolute_error,0.008869179600886918,0.0051736881005173705,0.013057403301305736,95,data/atencion_armonica/generative_evidence_reader_v1/fresh/ood_polyphony/evaluation/summary.json,f265c2d81982b2c40afe04208375e8ef351cca24c18bd112426faacfd20249b5
ood_polyphony,generative-minus-decoupled,paired_scene_contrast,451,sub3_member_fraction,0.0,0.0,0.0,95,data/atencion_armonica/generative_evidence_reader_v1/fresh/ood_polyphony/evaluation/summary.json,f265c2d81982b2c40afe04208375e8ef351cca24c18bd112426faacfd20249b5
ood_polyphony,generative-minus-decoupled,paired_scene_contrast,451,vi,0.01280879468357839,0.008542130602496244,0.017554054281248566,95,data/atencion_armonica/generative_evidence_reader_v1/fresh/ood_polyphony/evaluation/summary.json,f265c2d81982b2c40afe04208375e8ef351cca24c18bd112426faacfd20249b5
ood_polyphony,generative-minus-decoupled,paired_scene_contrast,451,vi_normalized,0.004071090707601675,0.0027287584177697033,0.0055779189584589375,95,data/atencion_armonica/generative_evidence_reader_v1/fresh/ood_polyphony/evaluation/summary.json,f265c2d81982b2c40afe04208375e8ef351cca24c18bd112426faacfd20249b5
ood_polyphony,generative-minus-decoupled,paired_scene_contrast,451,split_entropy,0.005274439847052317,0.003189050432333942,0.007729019672942189,95,data/atencion_armonica/generative_evidence_reader_v1/fresh/ood_polyphony/evaluation/summary.json,f265c2d81982b2c40afe04208375e8ef351cca24c18bd112426faacfd20249b5
ood_polyphony,generative-minus-decoupled,paired_scene_contrast,451,merge_entropy,0.0075343548365260716,0.005280615070603622,0.010016000468388398,95,data/atencion_armonica/generative_evidence_reader_v1/fresh/ood_polyphony/evaluation/summary.json,f265c2d81982b2c40afe04208375e8ef351cca24c18bd112426faacfd20249b5
ood_polyphony,generative-minus-decoupled,paired_scene_contrast,451,split_normalized,0.001665088416552655,0.0010049365844949259,0.0024509237975464675,95,data/atencion_armonica/generative_evidence_reader_v1/fresh/ood_polyphony/evaluation/summary.json,f265c2d81982b2c40afe04208375e8ef351cca24c18bd112426faacfd20249b5
ood_polyphony,generative-minus-decoupled,paired_scene_contrast,451,merge_normalized,0.002406002291049019,0.001691036587982096,0.0031902360312236156,95,data/atencion_armonica/generative_evidence_reader_v1/fresh/ood_polyphony/evaluation/summary.json,f265c2d81982b2c40afe04208375e8ef351cca24c18bd112426faacfd20249b5
ood_polyphony,generative-minus-local,paired_scene_contrast,451,ari,-0.0009656331832669711,-0.0029144684247745883,0.000983395444277675,95,data/atencion_armonica/generative_evidence_reader_v1/fresh/ood_polyphony/evaluation/summary.json,f265c2d81982b2c40afe04208375e8ef351cca24c18bd112426faacfd20249b5
ood_polyphony,generative-minus-local,paired_scene_contrast,451,exact_partition,-0.02266568120226657,-0.03498398620349836,-0.010840108401084014,95,data/atencion_armonica/generative_evidence_reader_v1/fresh/ood_polyphony/evaluation/summary.json,f265c2d81982b2c40afe04208375e8ef351cca24c18bd112426faacfd20249b5
ood_polyphony,generative-minus-local,paired_scene_contrast,451,pair_disagreement,0.00011338680954588653,-0.0006232335379475556,0.0008573433133010739,95,data/atencion_armonica/generative_evidence_reader_v1/fresh/ood_polyphony/evaluation/summary.json,f265c2d81982b2c40afe04208375e8ef351cca24c18bd112426faacfd20249b5
ood_polyphony,generative-minus-local,paired_scene_contrast,451,k_inferred,0.02414387780241439,0.016752894801675286,0.03202759300320272,95,data/atencion_armonica/generative_evidence_reader_v1/fresh/ood_polyphony/evaluation/summary.json,f265c2d81982b2c40afe04208375e8ef351cca24c18bd112426faacfd20249b5
ood_polyphony,generative-minus-local,paired_scene_contrast,451,k_error,0.02414387780241439,0.016752894801675286,0.03202759300320274,95,data/atencion_armonica/generative_evidence_reader_v1/fresh/ood_polyphony/evaluation/summary.json,f265c2d81982b2c40afe04208375e8ef351cca24c18bd112426faacfd20249b5
ood_polyphony,generative-minus-local,paired_scene_contrast,451,k_absolute_error,-0.02414387780241439,-0.03202759300320274,-0.016752894801675286,95,data/atencion_armonica/generative_evidence_reader_v1/fresh/ood_polyphony/evaluation/summary.json,f265c2d81982b2c40afe04208375e8ef351cca24c18bd112426faacfd20249b5
ood_polyphony,generative-minus-local,paired_scene_contrast,451,sub3_member_fraction,0.0,0.0,0.0,95,data/atencion_armonica/generative_evidence_reader_v1/fresh/ood_polyphony/evaluation/summary.json,f265c2d81982b2c40afe04208375e8ef351cca24c18bd112426faacfd20249b5
ood_polyphony,generative-minus-local,paired_scene_contrast,451,vi,0.006110369609331792,0.002515460560383579,0.00982777470062726,95,data/atencion_armonica/generative_evidence_reader_v1/fresh/ood_polyphony/evaluation/summary.json,f265c2d81982b2c40afe04208375e8ef351cca24c18bd112426faacfd20249b5
ood_polyphony,generative-minus-local,paired_scene_contrast,451,vi_normalized,0.0018207441368786538,0.0006808835381564502,0.0029832679515576117,95,data/atencion_armonica/generative_evidence_reader_v1/fresh/ood_polyphony/evaluation/summary.json,f265c2d81982b2c40afe04208375e8ef351cca24c18bd112426faacfd20249b5
ood_polyphony,generative-minus-local,paired_scene_contrast,451,split_entropy,0.006263380499804845,0.004681350007725009,0.008044178725653862,95,data/atencion_armonica/generative_evidence_reader_v1/fresh/ood_polyphony/evaluation/summary.json,f265c2d81982b2c40afe04208375e8ef351cca24c18bd112426faacfd20249b5
ood_polyphony,generative-minus-local,paired_scene_contrast,451,merge_entropy,-0.00015301089047305583,-0.0025756532197390106,0.002322838199388896,95,data/atencion_armonica/generative_evidence_reader_v1/fresh/ood_polyphony/evaluation/summary.json,f265c2d81982b2c40afe04208375e8ef351cca24c18bd112426faacfd20249b5
ood_polyphony,generative-minus-local,paired_scene_contrast,451,split_normalized,0.0019679404811882035,0.0014729430937337527,0.002524799142014551,95,data/atencion_armonica/generative_evidence_reader_v1/fresh/ood_polyphony/evaluation/summary.json,f265c2d81982b2c40afe04208375e8ef351cca24c18bd112426faacfd20249b5
ood_polyphony,generative-minus-local,paired_scene_contrast,451,merge_normalized,-0.00014719634430955015,-0.0009308380310867508,0.0006483615777168158,95,data/atencion_armonica/generative_evidence_reader_v1/fresh/ood_polyphony/evaluation/summary.json,f265c2d81982b2c40afe04208375e8ef351cca24c18bd112426faacfd20249b5
ood_polyphony,base,system_common_support,451,ari,0.9268923455640024,,,,data/atencion_armonica/generative_evidence_reader_v1/fresh/ood_polyphony/evaluation/summary.json,f265c2d81982b2c40afe04208375e8ef351cca24c18bd112426faacfd20249b5
ood_polyphony,base,system_common_support,451,exact_partition,0.7006651884700665,,,,data/atencion_armonica/generative_evidence_reader_v1/fresh/ood_polyphony/evaluation/summary.json,f265c2d81982b2c40afe04208375e8ef351cca24c18bd112426faacfd20249b5
ood_polyphony,base,system_common_support,451,pair_disagreement,0.02700887630737832,,,,data/atencion_armonica/generative_evidence_reader_v1/fresh/ood_polyphony/evaluation/summary.json,f265c2d81982b2c40afe04208375e8ef351cca24c18bd112426faacfd20249b5
ood_polyphony,base,system_common_support,451,k_inferred,3.926829268292683,,,,data/atencion_armonica/generative_evidence_reader_v1/fresh/ood_polyphony/evaluation/summary.json,f265c2d81982b2c40afe04208375e8ef351cca24c18bd112426faacfd20249b5
ood_polyphony,base,system_common_support,451,k_error,-0.07317073170731707,,,,data/atencion_armonica/generative_evidence_reader_v1/fresh/ood_polyphony/evaluation/summary.json,f265c2d81982b2c40afe04208375e8ef351cca24c18bd112426faacfd20249b5
ood_polyphony,base,system_common_support,451,k_absolute_error,0.07317073170731707,,,,data/atencion_armonica/generative_evidence_reader_v1/fresh/ood_polyphony/evaluation/summary.json,f265c2d81982b2c40afe04208375e8ef351cca24c18bd112426faacfd20249b5
ood_polyphony,base,system_common_support,451,sub3_member_fraction,0.0,,,,data/atencion_armonica/generative_evidence_reader_v1/fresh/ood_polyphony/evaluation/summary.json,f265c2d81982b2c40afe04208375e8ef351cca24c18bd112426faacfd20249b5
ood_polyphony,base,system_common_support,451,vi,0.1477791421632682,,,,data/atencion_armonica/generative_evidence_reader_v1/fresh/ood_polyphony/evaluation/summary.json,f265c2d81982b2c40afe04208375e8ef351cca24c18bd112426faacfd20249b5
ood_polyphony,base,system_common_support,451,vi_normalized,0.04752223704137734,,,,data/atencion_armonica/generative_evidence_reader_v1/fresh/ood_polyphony/evaluation/summary.json,f265c2d81982b2c40afe04208375e8ef351cca24c18bd112426faacfd20249b5
ood_polyphony,base,system_common_support,451,split_entropy,0.06403728876107548,,,,data/atencion_armonica/generative_evidence_reader_v1/fresh/ood_polyphony/evaluation/summary.json,f265c2d81982b2c40afe04208375e8ef351cca24c18bd112426faacfd20249b5
ood_polyphony,base,system_common_support,451,merge_entropy,0.08374185340219266,,,,data/atencion_armonica/generative_evidence_reader_v1/fresh/ood_polyphony/evaluation/summary.json,f265c2d81982b2c40afe04208375e8ef351cca24c18bd112426faacfd20249b5
ood_polyphony,base,system_common_support,451,split_normalized,0.020510147894300248,,,,data/atencion_armonica/generative_evidence_reader_v1/fresh/ood_polyphony/evaluation/summary.json,f265c2d81982b2c40afe04208375e8ef351cca24c18bd112426faacfd20249b5
ood_polyphony,base,system_common_support,451,merge_normalized,0.027012089147077062,,,,data/atencion_armonica/generative_evidence_reader_v1/fresh/ood_polyphony/evaluation/summary.json,f265c2d81982b2c40afe04208375e8ef351cca24c18bd112426faacfd20249b5
ood_polyphony,extended,system_common_support,451,ari,0.9268923455640024,,,,data/atencion_armonica/generative_evidence_reader_v1/fresh/ood_polyphony/evaluation/summary.json,f265c2d81982b2c40afe04208375e8ef351cca24c18bd112426faacfd20249b5
ood_polyphony,extended,system_common_support,451,exact_partition,0.7006651884700665,,,,data/atencion_armonica/generative_evidence_reader_v1/fresh/ood_polyphony/evaluation/summary.json,f265c2d81982b2c40afe04208375e8ef351cca24c18bd112426faacfd20249b5
ood_polyphony,extended,system_common_support,451,pair_disagreement,0.02700887630737832,,,,data/atencion_armonica/generative_evidence_reader_v1/fresh/ood_polyphony/evaluation/summary.json,f265c2d81982b2c40afe04208375e8ef351cca24c18bd112426faacfd20249b5
ood_polyphony,extended,system_common_support,451,k_inferred,3.926829268292683,,,,data/atencion_armonica/generative_evidence_reader_v1/fresh/ood_polyphony/evaluation/summary.json,f265c2d81982b2c40afe04208375e8ef351cca24c18bd112426faacfd20249b5
ood_polyphony,extended,system_common_support,451,k_error,-0.07317073170731707,,,,data/atencion_armonica/generative_evidence_reader_v1/fresh/ood_polyphony/evaluation/summary.json,f265c2d81982b2c40afe04208375e8ef351cca24c18bd112426faacfd20249b5
ood_polyphony,extended,system_common_support,451,k_absolute_error,0.07317073170731707,,,,data/atencion_armonica/generative_evidence_reader_v1/fresh/ood_polyphony/evaluation/summary.json,f265c2d81982b2c40afe04208375e8ef351cca24c18bd112426faacfd20249b5
ood_polyphony,extended,system_common_support,451,sub3_member_fraction,0.0,,,,data/atencion_armonica/generative_evidence_reader_v1/fresh/ood_polyphony/evaluation/summary.json,f265c2d81982b2c40afe04208375e8ef351cca24c18bd112426faacfd20249b5
ood_polyphony,extended,system_common_support,451,vi,0.1477791421632682,,,,data/atencion_armonica/generative_evidence_reader_v1/fresh/ood_polyphony/evaluation/summary.json,f265c2d81982b2c40afe04208375e8ef351cca24c18bd112426faacfd20249b5
ood_polyphony,extended,system_common_support,451,vi_normalized,0.04752223704137734,,,,data/atencion_armonica/generative_evidence_reader_v1/fresh/ood_polyphony/evaluation/summary.json,f265c2d81982b2c40afe04208375e8ef351cca24c18bd112426faacfd20249b5
ood_polyphony,extended,system_common_support,451,split_entropy,0.06403728876107548,,,,data/atencion_armonica/generative_evidence_reader_v1/fresh/ood_polyphony/evaluation/summary.json,f265c2d81982b2c40afe04208375e8ef351cca24c18bd112426faacfd20249b5
ood_polyphony,extended,system_common_support,451,merge_entropy,0.08374185340219266,,,,data/atencion_armonica/generative_evidence_reader_v1/fresh/ood_polyphony/evaluation/summary.json,f265c2d81982b2c40afe04208375e8ef351cca24c18bd112426faacfd20249b5
ood_polyphony,extended,system_common_support,451,split_normalized,0.020510147894300248,,,,data/atencion_armonica/generative_evidence_reader_v1/fresh/ood_polyphony/evaluation/summary.json,f265c2d81982b2c40afe04208375e8ef351cca24c18bd112426faacfd20249b5
ood_polyphony,extended,system_common_support,451,merge_normalized,0.027012089147077062,,,,data/atencion_armonica/generative_evidence_reader_v1/fresh/ood_polyphony/evaluation/summary.json,f265c2d81982b2c40afe04208375e8ef351cca24c18bd112426faacfd20249b5
ood_polyphony,historical-2026090721,system_common_support,451,ari,0.8692512515238621,,,,data/atencion_armonica/generative_evidence_reader_v1/fresh/ood_polyphony/evaluation/summary.json,f265c2d81982b2c40afe04208375e8ef351cca24c18bd112426faacfd20249b5
ood_polyphony,historical-2026090721,system_common_support,451,exact_partition,0.3170731707317073,,,,data/atencion_armonica/generative_evidence_reader_v1/fresh/ood_polyphony/evaluation/summary.json,f265c2d81982b2c40afe04208375e8ef351cca24c18bd112426faacfd20249b5
ood_polyphony,historical-2026090721,system_common_support,451,pair_disagreement,0.04866122397067948,,,,data/atencion_armonica/generative_evidence_reader_v1/fresh/ood_polyphony/evaluation/summary.json,f265c2d81982b2c40afe04208375e8ef351cca24c18bd112426faacfd20249b5
ood_polyphony,historical-2026090721,system_common_support,451,k_inferred,3.9113082039911307,,,,data/atencion_armonica/generative_evidence_reader_v1/fresh/ood_polyphony/evaluation/summary.json,f265c2d81982b2c40afe04208375e8ef351cca24c18bd112426faacfd20249b5
ood_polyphony,historical-2026090721,system_common_support,451,k_error,-0.08869179600886919,,,,data/atencion_armonica/generative_evidence_reader_v1/fresh/ood_polyphony/evaluation/summary.json,f265c2d81982b2c40afe04208375e8ef351cca24c18bd112426faacfd20249b5
ood_polyphony,historical-2026090721,system_common_support,451,k_absolute_error,0.29711751662971175,,,,data/atencion_armonica/generative_evidence_reader_v1/fresh/ood_polyphony/evaluation/summary.json,f265c2d81982b2c40afe04208375e8ef351cca24c18bd112426faacfd20249b5
ood_polyphony,historical-2026090721,system_common_support,451,sub3_member_fraction,0.008137961665515487,,,,data/atencion_armonica/generative_evidence_reader_v1/fresh/ood_polyphony/evaluation/summary.json,f265c2d81982b2c40afe04208375e8ef351cca24c18bd112426faacfd20249b5
ood_polyphony,historical-2026090721,system_common_support,451,vi,0.23790953725071898,,,,data/atencion_armonica/generative_evidence_reader_v1/fresh/ood_polyphony/evaluation/summary.json,f265c2d81982b2c40afe04208375e8ef351cca24c18bd112426faacfd20249b5
ood_polyphony,historical-2026090721,system_common_support,451,vi_normalized,0.07587545124669443,,,,data/atencion_armonica/generative_evidence_reader_v1/fresh/ood_polyphony/evaluation/summary.json,f265c2d81982b2c40afe04208375e8ef351cca24c18bd112426faacfd20249b5
ood_polyphony,historical-2026090721,system_common_support,451,split_entropy,0.09375437158539701,,,,data/atencion_armonica/generative_evidence_reader_v1/fresh/ood_polyphony/evaluation/summary.json,f265c2d81982b2c40afe04208375e8ef351cca24c18bd112426faacfd20249b5
ood_polyphony,historical-2026090721,system_common_support,451,merge_entropy,0.14415516566532202,,,,data/atencion_armonica/generative_evidence_reader_v1/fresh/ood_polyphony/evaluation/summary.json,f265c2d81982b2c40afe04208375e8ef351cca24c18bd112426faacfd20249b5
ood_polyphony,historical-2026090721,system_common_support,451,split_normalized,0.029938148485467175,,,,data/atencion_armonica/generative_evidence_reader_v1/fresh/ood_polyphony/evaluation/summary.json,f265c2d81982b2c40afe04208375e8ef351cca24c18bd112426faacfd20249b5
ood_polyphony,historical-2026090721,system_common_support,451,merge_normalized,0.04593730276122723,,,,data/atencion_armonica/generative_evidence_reader_v1/fresh/ood_polyphony/evaluation/summary.json,f265c2d81982b2c40afe04208375e8ef351cca24c18bd112426faacfd20249b5
ood_polyphony,historical-2026090721,system_all_scenes,512,ari,0.8547233345756703,,,,data/atencion_armonica/generative_evidence_reader_v1/fresh/ood_polyphony/evaluation/summary.json,f265c2d81982b2c40afe04208375e8ef351cca24c18bd112426faacfd20249b5
ood_polyphony,historical-2026090721,system_all_scenes,512,exact_partition,0.279296875,,,,data/atencion_armonica/generative_evidence_reader_v1/fresh/ood_polyphony/evaluation/summary.json,f265c2d81982b2c40afe04208375e8ef351cca24c18bd112426faacfd20249b5
ood_polyphony,historical-2026090721,system_all_scenes,512,pair_disagreement,0.05438907935108551,,,,data/atencion_armonica/generative_evidence_reader_v1/fresh/ood_polyphony/evaluation/summary.json,f265c2d81982b2c40afe04208375e8ef351cca24c18bd112426faacfd20249b5
ood_polyphony,historical-2026090721,system_all_scenes,512,k_inferred,3.919921875,,,,data/atencion_armonica/generative_evidence_reader_v1/fresh/ood_polyphony/evaluation/summary.json,f265c2d81982b2c40afe04208375e8ef351cca24c18bd112426faacfd20249b5
ood_polyphony,historical-2026090721,system_all_scenes,512,k_error,-0.080078125,,,,data/atencion_armonica/generative_evidence_reader_v1/fresh/ood_polyphony/evaluation/summary.json,f265c2d81982b2c40afe04208375e8ef351cca24c18bd112426faacfd20249b5
ood_polyphony,historical-2026090721,system_all_scenes,512,k_absolute_error,0.306640625,,,,data/atencion_armonica/generative_evidence_reader_v1/fresh/ood_polyphony/evaluation/summary.json,f265c2d81982b2c40afe04208375e8ef351cca24c18bd112426faacfd20249b5
ood_polyphony,historical-2026090721,system_all_scenes,512,sub3_member_fraction,0.01071151078592619,,,,data/atencion_armonica/generative_evidence_reader_v1/fresh/ood_polyphony/evaluation/summary.json,f265c2d81982b2c40afe04208375e8ef351cca24c18bd112426faacfd20249b5
ood_polyphony,historical-2026090721,system_all_scenes,512,vi,0.2651191180493157,,,,data/atencion_armonica/generative_evidence_reader_v1/fresh/ood_polyphony/evaluation/summary.json,f265c2d81982b2c40afe04208375e8ef351cca24c18bd112426faacfd20249b5
ood_polyphony,historical-2026090721,system_all_scenes,512,vi_normalized,0.08428420429087484,,,,data/atencion_armonica/generative_evidence_reader_v1/fresh/ood_polyphony/evaluation/summary.json,f265c2d81982b2c40afe04208375e8ef351cca24c18bd112426faacfd20249b5
ood_polyphony,historical-2026090721,system_all_scenes,512,split_entropy,0.1049951412458176,,,,data/atencion_armonica/generative_evidence_reader_v1/fresh/ood_polyphony/evaluation/summary.json,f265c2d81982b2c40afe04208375e8ef351cca24c18bd112426faacfd20249b5
ood_polyphony,historical-2026090721,system_all_scenes,512,merge_entropy,0.16012397680349805,,,,data/atencion_armonica/generative_evidence_reader_v1/fresh/ood_polyphony/evaluation/summary.json,f265c2d81982b2c40afe04208375e8ef351cca24c18bd112426faacfd20249b5
ood_polyphony,historical-2026090721,system_all_scenes,512,split_normalized,0.0334153065521027,,,,data/atencion_armonica/generative_evidence_reader_v1/fresh/ood_polyphony/evaluation/summary.json,f265c2d81982b2c40afe04208375e8ef351cca24c18bd112426faacfd20249b5
ood_polyphony,historical-2026090721,system_all_scenes,512,merge_normalized,0.0508688977387721,,,,data/atencion_armonica/generative_evidence_reader_v1/fresh/ood_polyphony/evaluation/summary.json,f265c2d81982b2c40afe04208375e8ef351cca24c18bd112426faacfd20249b5
ood_polyphony,historical-2026090722,system_common_support,451,ari,0.814067660749321,,,,data/atencion_armonica/generative_evidence_reader_v1/fresh/ood_polyphony/evaluation/summary.json,f265c2d81982b2c40afe04208375e8ef351cca24c18bd112426faacfd20249b5
ood_polyphony,historical-2026090722,system_common_support,451,exact_partition,0.24611973392461198,,,,data/atencion_armonica/generative_evidence_reader_v1/fresh/ood_polyphony/evaluation/summary.json,f265c2d81982b2c40afe04208375e8ef351cca24c18bd112426faacfd20249b5
ood_polyphony,historical-2026090722,system_common_support,451,pair_disagreement,0.07349913648915815,,,,data/atencion_armonica/generative_evidence_reader_v1/fresh/ood_polyphony/evaluation/summary.json,f265c2d81982b2c40afe04208375e8ef351cca24c18bd112426faacfd20249b5
ood_polyphony,historical-2026090722,system_common_support,451,k_inferred,3.4767184035476717,,,,data/atencion_armonica/generative_evidence_reader_v1/fresh/ood_polyphony/evaluation/summary.json,f265c2d81982b2c40afe04208375e8ef351cca24c18bd112426faacfd20249b5
ood_polyphony,historical-2026090722,system_common_support,451,k_error,-0.5232815964523282,,,,data/atencion_armonica/generative_evidence_reader_v1/fresh/ood_polyphony/evaluation/summary.json,f265c2d81982b2c40afe04208375e8ef351cca24c18bd112426faacfd20249b5
ood_polyphony,historical-2026090722,system_common_support,451,k_absolute_error,0.541019955654102,,,,data/atencion_armonica/generative_evidence_reader_v1/fresh/ood_polyphony/evaluation/summary.json,f265c2d81982b2c40afe04208375e8ef351cca24c18bd112426faacfd20249b5
ood_polyphony,historical-2026090722,system_common_support,451,sub3_member_fraction,0.0028365165651550676,,,,data/atencion_armonica/generative_evidence_reader_v1/fresh/ood_polyphony/evaluation/summary.json,f265c2d81982b2c40afe04208375e8ef351cca24c18bd112426faacfd20249b5
ood_polyphony,historical-2026090722,system_common_support,451,vi,0.287040744045541,,,,data/atencion_armonica/generative_evidence_reader_v1/fresh/ood_polyphony/evaluation/summary.json,f265c2d81982b2c40afe04208375e8ef351cca24c18bd112426faacfd20249b5
ood_polyphony,historical-2026090722,system_common_support,451,vi_normalized,0.09147777364038756,,,,data/atencion_armonica/generative_evidence_reader_v1/fresh/ood_polyphony/evaluation/summary.json,f265c2d81982b2c40afe04208375e8ef351cca24c18bd112426faacfd20249b5
ood_polyphony,historical-2026090722,system_common_support,451,split_entropy,0.06295357004765503,,,,data/atencion_armonica/generative_evidence_reader_v1/fresh/ood_polyphony/evaluation/summary.json,f265c2d81982b2c40afe04208375e8ef351cca24c18bd112426faacfd20249b5
ood_polyphony,historical-2026090722,system_common_support,451,merge_entropy,0.22408717399788577,,,,data/atencion_armonica/generative_evidence_reader_v1/fresh/ood_polyphony/evaluation/summary.json,f265c2d81982b2c40afe04208375e8ef351cca24c18bd112426faacfd20249b5
ood_polyphony,historical-2026090722,system_common_support,451,split_normalized,0.020148272144218732,,,,data/atencion_armonica/generative_evidence_reader_v1/fresh/ood_polyphony/evaluation/summary.json,f265c2d81982b2c40afe04208375e8ef351cca24c18bd112426faacfd20249b5
ood_polyphony,historical-2026090722,system_common_support,451,merge_normalized,0.07132950149616885,,,,data/atencion_armonica/generative_evidence_reader_v1/fresh/ood_polyphony/evaluation/summary.json,f265c2d81982b2c40afe04208375e8ef351cca24c18bd112426faacfd20249b5
ood_polyphony,historical-2026090722,system_all_scenes,512,ari,0.8017661700615024,,,,data/atencion_armonica/generative_evidence_reader_v1/fresh/ood_polyphony/evaluation/summary.json,f265c2d81982b2c40afe04208375e8ef351cca24c18bd112426faacfd20249b5
ood_polyphony,historical-2026090722,system_all_scenes,512,exact_partition,0.216796875,,,,data/atencion_armonica/generative_evidence_reader_v1/fresh/ood_polyphony/evaluation/summary.json,f265c2d81982b2c40afe04208375e8ef351cca24c18bd112426faacfd20249b5
ood_polyphony,historical-2026090722,system_all_scenes,512,pair_disagreement,0.07846262456269978,,,,data/atencion_armonica/generative_evidence_reader_v1/fresh/ood_polyphony/evaluation/summary.json,f265c2d81982b2c40afe04208375e8ef351cca24c18bd112426faacfd20249b5
ood_polyphony,historical-2026090722,system_all_scenes,512,k_inferred,3.46875,,,,data/atencion_armonica/generative_evidence_reader_v1/fresh/ood_polyphony/evaluation/summary.json,f265c2d81982b2c40afe04208375e8ef351cca24c18bd112426faacfd20249b5
ood_polyphony,historical-2026090722,system_all_scenes,512,k_error,-0.53125,,,,data/atencion_armonica/generative_evidence_reader_v1/fresh/ood_polyphony/evaluation/summary.json,f265c2d81982b2c40afe04208375e8ef351cca24c18bd112426faacfd20249b5
ood_polyphony,historical-2026090722,system_all_scenes,512,k_absolute_error,0.55078125,,,,data/atencion_armonica/generative_evidence_reader_v1/fresh/ood_polyphony/evaluation/summary.json,f265c2d81982b2c40afe04208375e8ef351cca24c18bd112426faacfd20249b5
ood_polyphony,historical-2026090722,system_all_scenes,512,sub3_member_fraction,0.003800781738340629,,,,data/atencion_armonica/generative_evidence_reader_v1/fresh/ood_polyphony/evaluation/summary.json,f265c2d81982b2c40afe04208375e8ef351cca24c18bd112426faacfd20249b5
ood_polyphony,historical-2026090722,system_all_scenes,512,vi,0.3133904856552068,,,,data/atencion_armonica/generative_evidence_reader_v1/fresh/ood_polyphony/evaluation/summary.json,f265c2d81982b2c40afe04208375e8ef351cca24c18bd112426faacfd20249b5
ood_polyphony,historical-2026090722,system_all_scenes,512,vi_normalized,0.09958776904786584,,,,data/atencion_armonica/generative_evidence_reader_v1/fresh/ood_polyphony/evaluation/summary.json,f265c2d81982b2c40afe04208375e8ef351cca24c18bd112426faacfd20249b5
ood_polyphony,historical-2026090722,system_all_scenes,512,split_entropy,0.07383822962298105,,,,data/atencion_armonica/generative_evidence_reader_v1/fresh/ood_polyphony/evaluation/summary.json,f265c2d81982b2c40afe04208375e8ef351cca24c18bd112426faacfd20249b5
ood_polyphony,historical-2026090722,system_all_scenes,512,merge_entropy,0.2395522560322255,,,,data/atencion_armonica/generative_evidence_reader_v1/fresh/ood_polyphony/evaluation/summary.json,f265c2d81982b2c40afe04208375e8ef351cca24c18bd112426faacfd20249b5
ood_polyphony,historical-2026090722,system_all_scenes,512,split_normalized,0.023526667090963006,,,,data/atencion_armonica/generative_evidence_reader_v1/fresh/ood_polyphony/evaluation/summary.json,f265c2d81982b2c40afe04208375e8ef351cca24c18bd112426faacfd20249b5
ood_polyphony,historical-2026090722,system_all_scenes,512,merge_normalized,0.07606110195690281,,,,data/atencion_armonica/generative_evidence_reader_v1/fresh/ood_polyphony/evaluation/summary.json,f265c2d81982b2c40afe04208375e8ef351cca24c18bd112426faacfd20249b5
ood_polyphony,historical-2026090723,system_common_support,451,ari,0.8980441886004578,,,,data/atencion_armonica/generative_evidence_reader_v1/fresh/ood_polyphony/evaluation/summary.json,f265c2d81982b2c40afe04208375e8ef351cca24c18bd112426faacfd20249b5
ood_polyphony,historical-2026090723,system_common_support,451,exact_partition,0.4700665188470067,,,,data/atencion_armonica/generative_evidence_reader_v1/fresh/ood_polyphony/evaluation/summary.json,f265c2d81982b2c40afe04208375e8ef351cca24c18bd112426faacfd20249b5
ood_polyphony,historical-2026090723,system_common_support,451,pair_disagreement,0.03844904234954924,,,,data/atencion_armonica/generative_evidence_reader_v1/fresh/ood_polyphony/evaluation/summary.json,f265c2d81982b2c40afe04208375e8ef351cca24c18bd112426faacfd20249b5
ood_polyphony,historical-2026090723,system_common_support,451,k_inferred,3.895787139689579,,,,data/atencion_armonica/generative_evidence_reader_v1/fresh/ood_polyphony/evaluation/summary.json,f265c2d81982b2c40afe04208375e8ef351cca24c18bd112426faacfd20249b5
ood_polyphony,historical-2026090723,system_common_support,451,k_error,-0.10421286031042129,,,,data/atencion_armonica/generative_evidence_reader_v1/fresh/ood_polyphony/evaluation/summary.json,f265c2d81982b2c40afe04208375e8ef351cca24c18bd112426faacfd20249b5
ood_polyphony,historical-2026090723,system_common_support,451,k_absolute_error,0.21507760532150777,,,,data/atencion_armonica/generative_evidence_reader_v1/fresh/ood_polyphony/evaluation/summary.json,f265c2d81982b2c40afe04208375e8ef351cca24c18bd112426faacfd20249b5
ood_polyphony,historical-2026090723,system_common_support,451,sub3_member_fraction,0.00642088991576189,,,,data/atencion_armonica/generative_evidence_reader_v1/fresh/ood_polyphony/evaluation/summary.json,f265c2d81982b2c40afe04208375e8ef351cca24c18bd112426faacfd20249b5
ood_polyphony,historical-2026090723,system_common_support,451,vi,0.17962145201611512,,,,data/atencion_armonica/generative_evidence_reader_v1/fresh/ood_polyphony/evaluation/summary.json,f265c2d81982b2c40afe04208375e8ef351cca24c18bd112426faacfd20249b5
ood_polyphony,historical-2026090723,system_common_support,451,vi_normalized,0.057504072241233814,,,,data/atencion_armonica/generative_evidence_reader_v1/fresh/ood_polyphony/evaluation/summary.json,f265c2d81982b2c40afe04208375e8ef351cca24c18bd112426faacfd20249b5
ood_polyphony,historical-2026090723,system_common_support,451,split_entropy,0.06576828403376729,,,,data/atencion_armonica/generative_evidence_reader_v1/fresh/ood_polyphony/evaluation/summary.json,f265c2d81982b2c40afe04208375e8ef351cca24c18bd112426faacfd20249b5
ood_polyphony,historical-2026090723,system_common_support,451,merge_entropy,0.11385316798234776,,,,data/atencion_armonica/generative_evidence_reader_v1/fresh/ood_polyphony/evaluation/summary.json,f265c2d81982b2c40afe04208375e8ef351cca24c18bd112426faacfd20249b5
ood_polyphony,historical-2026090723,system_common_support,451,split_normalized,0.02102716854380923,,,,data/atencion_armonica/generative_evidence_reader_v1/fresh/ood_polyphony/evaluation/summary.json,f265c2d81982b2c40afe04208375e8ef351cca24c18bd112426faacfd20249b5
ood_polyphony,historical-2026090723,system_common_support,451,merge_normalized,0.03647690369742456,,,,data/atencion_armonica/generative_evidence_reader_v1/fresh/ood_polyphony/evaluation/summary.json,f265c2d81982b2c40afe04208375e8ef351cca24c18bd112426faacfd20249b5
ood_polyphony,historical-2026090723,system_all_scenes,512,ari,0.8811909405185782,,,,data/atencion_armonica/generative_evidence_reader_v1/fresh/ood_polyphony/evaluation/summary.json,f265c2d81982b2c40afe04208375e8ef351cca24c18bd112426faacfd20249b5
ood_polyphony,historical-2026090723,system_all_scenes,512,exact_partition,0.4140625,,,,data/atencion_armonica/generative_evidence_reader_v1/fresh/ood_polyphony/evaluation/summary.json,f265c2d81982b2c40afe04208375e8ef351cca24c18bd112426faacfd20249b5
ood_polyphony,historical-2026090723,system_all_scenes,512,pair_disagreement,0.04519432718937016,,,,data/atencion_armonica/generative_evidence_reader_v1/fresh/ood_polyphony/evaluation/summary.json,f265c2d81982b2c40afe04208375e8ef351cca24c18bd112426faacfd20249b5
ood_polyphony,historical-2026090723,system_all_scenes,512,k_inferred,3.896484375,,,,data/atencion_armonica/generative_evidence_reader_v1/fresh/ood_polyphony/evaluation/summary.json,f265c2d81982b2c40afe04208375e8ef351cca24c18bd112426faacfd20249b5
ood_polyphony,historical-2026090723,system_all_scenes,512,k_error,-0.103515625,,,,data/atencion_armonica/generative_evidence_reader_v1/fresh/ood_polyphony/evaluation/summary.json,f265c2d81982b2c40afe04208375e8ef351cca24c18bd112426faacfd20249b5
ood_polyphony,historical-2026090723,system_all_scenes,512,k_absolute_error,0.228515625,,,,data/atencion_armonica/generative_evidence_reader_v1/fresh/ood_polyphony/evaluation/summary.json,f265c2d81982b2c40afe04208375e8ef351cca24c18bd112426faacfd20249b5
ood_polyphony,historical-2026090723,system_all_scenes,512,sub3_member_fraction,0.008009653175030162,,,,data/atencion_armonica/generative_evidence_reader_v1/fresh/ood_polyphony/evaluation/summary.json,f265c2d81982b2c40afe04208375e8ef351cca24c18bd112426faacfd20249b5
ood_polyphony,historical-2026090723,system_all_scenes,512,vi,0.20868035350797756,,,,data/atencion_armonica/generative_evidence_reader_v1/fresh/ood_polyphony/evaluation/summary.json,f265c2d81982b2c40afe04208375e8ef351cca24c18bd112426faacfd20249b5
ood_polyphony,historical-2026090723,system_all_scenes,512,vi_normalized,0.06649721091997668,,,,data/atencion_armonica/generative_evidence_reader_v1/fresh/ood_polyphony/evaluation/summary.json,f265c2d81982b2c40afe04208375e8ef351cca24c18bd112426faacfd20249b5
ood_polyphony,historical-2026090723,system_all_scenes,512,split_entropy,0.07635325090425327,,,,data/atencion_armonica/generative_evidence_reader_v1/fresh/ood_polyphony/evaluation/summary.json,f265c2d81982b2c40afe04208375e8ef351cca24c18bd112426faacfd20249b5
ood_polyphony,historical-2026090723,system_all_scenes,512,merge_entropy,0.1323271026037242,,,,data/atencion_armonica/generative_evidence_reader_v1/fresh/ood_polyphony/evaluation/summary.json,f265c2d81982b2c40afe04208375e8ef351cca24c18bd112426faacfd20249b5
ood_polyphony,historical-2026090723,system_all_scenes,512,split_normalized,0.024291483214112872,,,,data/atencion_armonica/generative_evidence_reader_v1/fresh/ood_polyphony/evaluation/summary.json,f265c2d81982b2c40afe04208375e8ef351cca24c18bd112426faacfd20249b5
ood_polyphony,historical-2026090723,system_all_scenes,512,merge_normalized,0.04220572770586383,,,,data/atencion_armonica/generative_evidence_reader_v1/fresh/ood_polyphony/evaluation/summary.json,f265c2d81982b2c40afe04208375e8ef351cca24c18bd112426faacfd20249b5
deformed_family,decoupled,common_output_support,484,ari,0.7796175321441731,0.7575022681653413,0.8016056154273672,95,data/atencion_armonica/generative_evidence_reader_v1/fresh/deformed_family/evaluation/summary.json,09535ff5fc208255ec354065ccbea1b1a4534c667e211baf1f99c5ea51c277c0
deformed_family,decoupled,common_output_support,484,exact_partition,0.47153351698806245,0.4322773186409551,0.5119375573921028,95,data/atencion_armonica/generative_evidence_reader_v1/fresh/deformed_family/evaluation/summary.json,09535ff5fc208255ec354065ccbea1b1a4534c667e211baf1f99c5ea51c277c0
deformed_family,decoupled,common_output_support,484,pair_disagreement,0.10068539196852426,0.09070454527627013,0.11089482201406306,95,data/atencion_armonica/generative_evidence_reader_v1/fresh/deformed_family/evaluation/summary.json,09535ff5fc208255ec354065ccbea1b1a4534c667e211baf1f99c5ea51c277c0
deformed_family,decoupled,common_output_support,484,k_inferred,2.5291551882460968,2.475665748393022,2.5780532598714414,95,data/atencion_armonica/generative_evidence_reader_v1/fresh/deformed_family/evaluation/summary.json,09535ff5fc208255ec354065ccbea1b1a4534c667e211baf1f99c5ea51c277c0
deformed_family,decoupled,common_output_support,484,k_error,0.053948576675849395,0.02984389348025711,0.07828282828282826,95,data/atencion_armonica/generative_evidence_reader_v1/fresh/deformed_family/evaluation/summary.json,09535ff5fc208255ec354065ccbea1b1a4534c667e211baf1f99c5ea51c277c0
deformed_family,decoupled,common_output_support,484,k_absolute_error,0.08746556473829202,0.0640495867768595,0.11202938475665743,95,data/atencion_armonica/generative_evidence_reader_v1/fresh/deformed_family/evaluation/summary.json,09535ff5fc208255ec354065ccbea1b1a4534c667e211baf1f99c5ea51c277c0
deformed_family,decoupled,common_output_support,484,sub3_member_fraction,0.0,0.0,0.0,95,data/atencion_armonica/generative_evidence_reader_v1/fresh/deformed_family/evaluation/summary.json,09535ff5fc208255ec354065ccbea1b1a4534c667e211baf1f99c5ea51c277c0
deformed_family,decoupled,common_output_support,484,vi,0.34037971979255205,0.30764902880167133,0.3744435539385058,95,data/atencion_armonica/generative_evidence_reader_v1/fresh/deformed_family/evaluation/summary.json,09535ff5fc208255ec354065ccbea1b1a4534c667e211baf1f99c5ea51c277c0
deformed_family,decoupled,common_output_support,484,vi_normalized,0.12596288525474827,0.11380457354688933,0.13847838768145573,95,data/atencion_armonica/generative_evidence_reader_v1/fresh/deformed_family/evaluation/summary.json,09535ff5fc208255ec354065ccbea1b1a4534c667e211baf1f99c5ea51c277c0
deformed_family,decoupled,common_output_support,484,split_entropy,0.17919009892389068,0.1614841594827334,0.1975746917631782,95,data/atencion_armonica/generative_evidence_reader_v1/fresh/deformed_family/evaluation/summary.json,09535ff5fc208255ec354065ccbea1b1a4534c667e211baf1f99c5ea51c277c0
deformed_family,decoupled,common_output_support,484,merge_entropy,0.16118962086866132,0.14406622843350964,0.17774676974679288,95,data/atencion_armonica/generative_evidence_reader_v1/fresh/deformed_family/evaluation/summary.json,09535ff5fc208255ec354065ccbea1b1a4534c667e211baf1f99c5ea51c277c0
deformed_family,decoupled,common_output_support,484,split_normalized,0.06614454820062363,0.05957707463449401,0.07306581261328646,95,data/atencion_armonica/generative_evidence_reader_v1/fresh/deformed_family/evaluation/summary.json,09535ff5fc208255ec354065ccbea1b1a4534c667e211baf1f99c5ea51c277c0
deformed_family,decoupled,common_output_support,484,merge_normalized,0.059818337054124635,0.05365517775440366,0.0660718184643356,95,data/atencion_armonica/generative_evidence_reader_v1/fresh/deformed_family/evaluation/summary.json,09535ff5fc208255ec354065ccbea1b1a4534c667e211baf1f99c5ea51c277c0
deformed_family,generative,common_output_support,484,ari,0.7864753919821559,0.7639162712688399,0.8083654933975613,95,data/atencion_armonica/generative_evidence_reader_v1/fresh/deformed_family/evaluation/summary.json,09535ff5fc208255ec354065ccbea1b1a4534c667e211baf1f99c5ea51c277c0
deformed_family,generative,common_output_support,484,exact_partition,0.4928833792470156,0.45360422405876916,0.5342114325068871,95,data/atencion_armonica/generative_evidence_reader_v1/fresh/deformed_family/evaluation/summary.json,09535ff5fc208255ec354065ccbea1b1a4534c667e211baf1f99c5ea51c277c0
deformed_family,generative,common_output_support,484,pair_disagreement,0.09747627411299892,0.0875120021408262,0.1078951389817144,95,data/atencion_armonica/generative_evidence_reader_v1/fresh/deformed_family/evaluation/summary.json,09535ff5fc208255ec354065ccbea1b1a4534c667e211baf1f99c5ea51c277c0
deformed_family,generative,common_output_support,484,k_inferred,2.524104683195593,2.4715277777777773,2.5725436179981633,95,data/atencion_armonica/generative_evidence_reader_v1/fresh/deformed_family/evaluation/summary.json,09535ff5fc208255ec354065ccbea1b1a4534c667e211baf1f99c5ea51c277c0
deformed_family,generative,common_output_support,484,k_error,0.04889807162534435,0.025941230486685028,0.07277318640955005,95,data/atencion_armonica/generative_evidence_reader_v1/fresh/deformed_family/evaluation/summary.json,09535ff5fc208255ec354065ccbea1b1a4534c667e211baf1f99c5ea51c277c0
deformed_family,generative,common_output_support,484,k_absolute_error,0.08241505968778695,0.05922865013774104,0.1060663452708907,95,data/atencion_armonica/generative_evidence_reader_v1/fresh/deformed_family/evaluation/summary.json,09535ff5fc208255ec354065ccbea1b1a4534c667e211baf1f99c5ea51c277c0
deformed_family,generative,common_output_support,484,sub3_member_fraction,0.0,0.0,0.0,95,data/atencion_armonica/generative_evidence_reader_v1/fresh/deformed_family/evaluation/summary.json,09535ff5fc208255ec354065ccbea1b1a4534c667e211baf1f99c5ea51c277c0
deformed_family,generative,common_output_support,484,vi,0.3306064316693513,0.29715249101478913,0.36439398768969333,95,data/atencion_armonica/generative_evidence_reader_v1/fresh/deformed_family/evaluation/summary.json,09535ff5fc208255ec354065ccbea1b1a4534c667e211baf1f99c5ea51c277c0
deformed_family,generative,common_output_support,484,vi_normalized,0.12220320096473855,0.10987434740517053,0.13477994823133815,95,data/atencion_armonica/generative_evidence_reader_v1/fresh/deformed_family/evaluation/summary.json,09535ff5fc208255ec354065ccbea1b1a4534c667e211baf1f99c5ea51c277c0
deformed_family,generative,common_output_support,484,split_entropy,0.17349985510574617,0.15546565489360833,0.19189023687125562,95,data/atencion_armonica/generative_evidence_reader_v1/fresh/deformed_family/evaluation/summary.json,09535ff5fc208255ec354065ccbea1b1a4534c667e211baf1f99c5ea51c277c0
deformed_family,generative,common_output_support,484,merge_entropy,0.15710657656360508,0.14035004057425496,0.17393639221648546,95,data/atencion_armonica/generative_evidence_reader_v1/fresh/deformed_family/evaluation/summary.json,09535ff5fc208255ec354065ccbea1b1a4534c667e211baf1f99c5ea51c277c0
deformed_family,generative,common_output_support,484,split_normalized,0.06398638656241858,0.05738541301403083,0.07072918539498242,95,data/atencion_armonica/generative_evidence_reader_v1/fresh/deformed_family/evaluation/summary.json,09535ff5fc208255ec354065ccbea1b1a4534c667e211baf1f99c5ea51c277c0
deformed_family,generative,common_output_support,484,merge_normalized,0.05821681440231997,0.052069366513381315,0.06449852116327905,95,data/atencion_armonica/generative_evidence_reader_v1/fresh/deformed_family/evaluation/summary.json,09535ff5fc208255ec354065ccbea1b1a4534c667e211baf1f99c5ea51c277c0
deformed_family,local,common_output_support,484,ari,0.7835187843831135,0.7610699530235365,0.8053713363910118,95,data/atencion_armonica/generative_evidence_reader_v1/fresh/deformed_family/evaluation/summary.json,09535ff5fc208255ec354065ccbea1b1a4534c667e211baf1f99c5ea51c277c0
deformed_family,local,common_output_support,484,exact_partition,0.48094582185491275,0.44076561065197406,0.5231921487603303,95,data/atencion_armonica/generative_evidence_reader_v1/fresh/deformed_family/evaluation/summary.json,09535ff5fc208255ec354065ccbea1b1a4534c667e211baf1f99c5ea51c277c0
deformed_family,local,common_output_support,484,pair_disagreement,0.09902278029759741,0.08904980204698255,0.10951376864771821,95,data/atencion_armonica/generative_evidence_reader_v1/fresh/deformed_family/evaluation/summary.json,09535ff5fc208255ec354065ccbea1b1a4534c667e211baf1f99c5ea51c277c0
deformed_family,local,common_output_support,484,k_inferred,2.516299357208448,2.4646464646464645,2.564049586776859,95,data/atencion_armonica/generative_evidence_reader_v1/fresh/deformed_family/evaluation/summary.json,09535ff5fc208255ec354065ccbea1b1a4534c667e211baf1f99c5ea51c277c0
deformed_family,local,common_output_support,484,k_error,0.04109274563820018,0.01859504132231405,0.06382001836547292,95,data/atencion_armonica/generative_evidence_reader_v1/fresh/deformed_family/evaluation/summary.json,09535ff5fc208255ec354065ccbea1b1a4534c667e211baf1f99c5ea51c277c0
deformed_family,local,common_output_support,484,k_absolute_error,0.0741505968778696,0.05303030303030303,0.09664830119375574,95,data/atencion_armonica/generative_evidence_reader_v1/fresh/deformed_family/evaluation/summary.json,09535ff5fc208255ec354065ccbea1b1a4534c667e211baf1f99c5ea51c277c0
deformed_family,local,common_output_support,484,sub3_member_fraction,0.0,0.0,0.0,95,data/atencion_armonica/generative_evidence_reader_v1/fresh/deformed_family/evaluation/summary.json,09535ff5fc208255ec354065ccbea1b1a4534c667e211baf1f99c5ea51c277c0
deformed_family,local,common_output_support,484,vi,0.33398159609634986,0.30138339314982115,0.36830126189679624,95,data/atencion_armonica/generative_evidence_reader_v1/fresh/deformed_family/evaluation/summary.json,09535ff5fc208255ec354065ccbea1b1a4534c667e211baf1f99c5ea51c277c0
deformed_family,local,common_output_support,484,vi_normalized,0.12368950624198485,0.11148866040357124,0.13651691211626127,95,data/atencion_armonica/generative_evidence_reader_v1/fresh/deformed_family/evaluation/summary.json,09535ff5fc208255ec354065ccbea1b1a4534c667e211baf1f99c5ea51c277c0
deformed_family,local,common_output_support,484,split_entropy,0.17417302152896766,0.15642506305923012,0.192407137136141,95,data/atencion_armonica/generative_evidence_reader_v1/fresh/deformed_family/evaluation/summary.json,09535ff5fc208255ec354065ccbea1b1a4534c667e211baf1f99c5ea51c277c0
deformed_family,local,common_output_support,484,merge_entropy,0.15980857456738218,0.143164992014011,0.17649579433010806,95,data/atencion_armonica/generative_evidence_reader_v1/fresh/deformed_family/evaluation/summary.json,09535ff5fc208255ec354065ccbea1b1a4534c667e211baf1f99c5ea51c277c0
deformed_family,local,common_output_support,484,split_normalized,0.06439912991553211,0.05795057873113824,0.07123153431048528,95,data/atencion_armonica/generative_evidence_reader_v1/fresh/deformed_family/evaluation/summary.json,09535ff5fc208255ec354065ccbea1b1a4534c667e211baf1f99c5ea51c277c0
deformed_family,local,common_output_support,484,merge_normalized,0.059290376326452725,0.053253768537560794,0.06562252132133294,95,data/atencion_armonica/generative_evidence_reader_v1/fresh/deformed_family/evaluation/summary.json,09535ff5fc208255ec354065ccbea1b1a4534c667e211baf1f99c5ea51c277c0
deformed_family,generative-minus-decoupled,paired_scene_contrast,484,ari,0.0068578598379827,0.002705559600730638,0.01117052625860199,97.5,data/atencion_armonica/generative_evidence_reader_v1/fresh/deformed_family/evaluation/summary.json,09535ff5fc208255ec354065ccbea1b1a4534c667e211baf1f99c5ea51c277c0
deformed_family,generative-minus-decoupled,paired_scene_contrast,484,exact_partition,0.021349862258953165,0.012626262626262626,0.030079201101928327,95,data/atencion_armonica/generative_evidence_reader_v1/fresh/deformed_family/evaluation/summary.json,09535ff5fc208255ec354065ccbea1b1a4534c667e211baf1f99c5ea51c277c0
deformed_family,generative-minus-decoupled,paired_scene_contrast,484,pair_disagreement,-0.0032091178555253333,-0.005062780130164937,-0.001460258174334745,95,data/atencion_armonica/generative_evidence_reader_v1/fresh/deformed_family/evaluation/summary.json,09535ff5fc208255ec354065ccbea1b1a4534c667e211baf1f99c5ea51c277c0
deformed_family,generative-minus-decoupled,paired_scene_contrast,484,k_inferred,-0.005050505050505053,-0.008264462809917359,-0.0022956841138659333,95,data/atencion_armonica/generative_evidence_reader_v1/fresh/deformed_family/evaluation/summary.json,09535ff5fc208255ec354065ccbea1b1a4534c667e211baf1f99c5ea51c277c0
deformed_family,generative-minus-decoupled,paired_scene_contrast,484,k_error,-0.00505050505050505,-0.008264462809917356,-0.002295684113865932,95,data/atencion_armonica/generative_evidence_reader_v1/fresh/deformed_family/evaluation/summary.json,09535ff5fc208255ec354065ccbea1b1a4534c667e211baf1f99c5ea51c277c0
deformed_family,generative-minus-decoupled,paired_scene_contrast,484,k_absolute_error,-0.00505050505050505,-0.008264462809917356,-0.002295684113865932,95,data/atencion_armonica/generative_evidence_reader_v1/fresh/deformed_family/evaluation/summary.json,09535ff5fc208255ec354065ccbea1b1a4534c667e211baf1f99c5ea51c277c0
deformed_family,generative-minus-decoupled,paired_scene_contrast,484,sub3_member_fraction,0.0,0.0,0.0,95,data/atencion_armonica/generative_evidence_reader_v1/fresh/deformed_family/evaluation/summary.json,09535ff5fc208255ec354065ccbea1b1a4534c667e211baf1f99c5ea51c277c0
deformed_family,generative-minus-decoupled,paired_scene_contrast,484,vi,-0.009773288123200769,-0.015167304342072373,-0.004538013464006278,95,data/atencion_armonica/generative_evidence_reader_v1/fresh/deformed_family/evaluation/summary.json,09535ff5fc208255ec354065ccbea1b1a4534c667e211baf1f99c5ea51c277c0
deformed_family,generative-minus-decoupled,paired_scene_contrast,484,vi_normalized,-0.003759684290009708,-0.0060028091527493275,-0.0016851610517799047,95,data/atencion_armonica/generative_evidence_reader_v1/fresh/deformed_family/evaluation/summary.json,09535ff5fc208255ec354065ccbea1b1a4534c667e211baf1f99c5ea51c277c0
deformed_family,generative-minus-decoupled,paired_scene_contrast,484,split_entropy,-0.005690243818144521,-0.008469166094553488,-0.0030071133437738454,95,data/atencion_armonica/generative_evidence_reader_v1/fresh/deformed_family/evaluation/summary.json,09535ff5fc208255ec354065ccbea1b1a4534c667e211baf1f99c5ea51c277c0
deformed_family,generative-minus-decoupled,paired_scene_contrast,484,merge_entropy,-0.004083044305056244,-0.006817675215109376,-0.0014870100281661417,95,data/atencion_armonica/generative_evidence_reader_v1/fresh/deformed_family/evaluation/summary.json,09535ff5fc208255ec354065ccbea1b1a4534c667e211baf1f99c5ea51c277c0
deformed_family,generative-minus-decoupled,paired_scene_contrast,484,split_normalized,-0.0021581616382050414,-0.0032761235791723816,-0.001093615111479533,95,data/atencion_armonica/generative_evidence_reader_v1/fresh/deformed_family/evaluation/summary.json,09535ff5fc208255ec354065ccbea1b1a4534c667e211baf1f99c5ea51c277c0
deformed_family,generative-minus-decoupled,paired_scene_contrast,484,merge_normalized,-0.001601522651804668,-0.0026939358401667345,-0.0005832539497459427,95,data/atencion_armonica/generative_evidence_reader_v1/fresh/deformed_family/evaluation/summary.json,09535ff5fc208255ec354065ccbea1b1a4534c667e211baf1f99c5ea51c277c0
deformed_family,generative-minus-local,paired_scene_contrast,484,ari,0.0029566075990423812,-0.0006683077576056949,0.007133803261494807,97.5,data/atencion_armonica/generative_evidence_reader_v1/fresh/deformed_family/evaluation/summary.json,09535ff5fc208255ec354065ccbea1b1a4534c667e211baf1f99c5ea51c277c0
deformed_family,generative-minus-local,paired_scene_contrast,484,exact_partition,0.011937557392102846,0.004361799816345272,0.020202020202020193,95,data/atencion_armonica/generative_evidence_reader_v1/fresh/deformed_family/evaluation/summary.json,09535ff5fc208255ec354065ccbea1b1a4534c667e211baf1f99c5ea51c277c0
deformed_family,generative-minus-local,paired_scene_contrast,484,pair_disagreement,-0.0015465061845984904,-0.003240108138409798,1.3057388334610075e-05,95,data/atencion_armonica/generative_evidence_reader_v1/fresh/deformed_family/evaluation/summary.json,09535ff5fc208255ec354065ccbea1b1a4534c667e211baf1f99c5ea51c277c0
deformed_family,generative-minus-local,paired_scene_contrast,484,k_inferred,0.007805325987144167,0.0027490817263544506,0.01308539944903581,95,data/atencion_armonica/generative_evidence_reader_v1/fresh/deformed_family/evaluation/summary.json,09535ff5fc208255ec354065ccbea1b1a4534c667e211baf1f99c5ea51c277c0
deformed_family,generative-minus-local,paired_scene_contrast,484,k_error,0.007805325987144169,0.0027490817263544527,0.013085399449035813,95,data/atencion_armonica/generative_evidence_reader_v1/fresh/deformed_family/evaluation/summary.json,09535ff5fc208255ec354065ccbea1b1a4534c667e211baf1f99c5ea51c277c0
deformed_family,generative-minus-local,paired_scene_contrast,484,k_absolute_error,0.008264462809917356,0.0032139577594123055,0.013544536271808997,95,data/atencion_armonica/generative_evidence_reader_v1/fresh/deformed_family/evaluation/summary.json,09535ff5fc208255ec354065ccbea1b1a4534c667e211baf1f99c5ea51c277c0
deformed_family,generative-minus-local,paired_scene_contrast,484,sub3_member_fraction,0.0,0.0,0.0,95,data/atencion_armonica/generative_evidence_reader_v1/fresh/deformed_family/evaluation/summary.json,09535ff5fc208255ec354065ccbea1b1a4534c667e211baf1f99c5ea51c277c0
deformed_family,generative-minus-local,paired_scene_contrast,484,vi,-0.0033751644269986204,-0.008278968654027434,0.001450666041172521,95,data/atencion_armonica/generative_evidence_reader_v1/fresh/deformed_family/evaluation/summary.json,09535ff5fc208255ec354065ccbea1b1a4534c667e211baf1f99c5ea51c277c0
deformed_family,generative-minus-local,paired_scene_contrast,484,vi_normalized,-0.0014863052772462837,-0.003506077578111997,0.0004358139498320706,95,data/atencion_armonica/generative_evidence_reader_v1/fresh/deformed_family/evaluation/summary.json,09535ff5fc208255ec354065ccbea1b1a4534c667e211baf1f99c5ea51c277c0
deformed_family,generative-minus-local,paired_scene_contrast,484,split_entropy,-0.0006731664232215137,-0.0033424724031658427,0.002024238481485862,95,data/atencion_armonica/generative_evidence_reader_v1/fresh/deformed_family/evaluation/summary.json,09535ff5fc208255ec354065ccbea1b1a4534c667e211baf1f99c5ea51c277c0
deformed_family,generative-minus-local,paired_scene_contrast,484,merge_entropy,-0.0027019980037771,-0.005115219253175478,-0.0002964378176142512,95,data/atencion_armonica/generative_evidence_reader_v1/fresh/deformed_family/evaluation/summary.json,09535ff5fc208255ec354065ccbea1b1a4534c667e211baf1f99c5ea51c277c0
deformed_family,generative-minus-local,paired_scene_contrast,484,split_normalized,-0.0004127433531135264,-0.0014825022619693203,0.0006168961344127711,95,data/atencion_armonica/generative_evidence_reader_v1/fresh/deformed_family/evaluation/summary.json,09535ff5fc208255ec354065ccbea1b1a4534c667e211baf1f99c5ea51c277c0
deformed_family,generative-minus-local,paired_scene_contrast,484,merge_normalized,-0.0010735619241327562,-0.0020924818128050327,-0.00012060965951204362,95,data/atencion_armonica/generative_evidence_reader_v1/fresh/deformed_family/evaluation/summary.json,09535ff5fc208255ec354065ccbea1b1a4534c667e211baf1f99c5ea51c277c0
deformed_family,base,system_common_support,484,ari,0.8418346099559393,,,,data/atencion_armonica/generative_evidence_reader_v1/fresh/deformed_family/evaluation/summary.json,09535ff5fc208255ec354065ccbea1b1a4534c667e211baf1f99c5ea51c277c0
deformed_family,base,system_common_support,484,exact_partition,0.6260330578512396,,,,data/atencion_armonica/generative_evidence_reader_v1/fresh/deformed_family/evaluation/summary.json,09535ff5fc208255ec354065ccbea1b1a4534c667e211baf1f99c5ea51c277c0
deformed_family,base,system_common_support,484,pair_disagreement,0.07047159130104955,,,,data/atencion_armonica/generative_evidence_reader_v1/fresh/deformed_family/evaluation/summary.json,09535ff5fc208255ec354065ccbea1b1a4534c667e211baf1f99c5ea51c277c0
deformed_family,base,system_common_support,484,k_inferred,2.5392561983471076,,,,data/atencion_armonica/generative_evidence_reader_v1/fresh/deformed_family/evaluation/summary.json,09535ff5fc208255ec354065ccbea1b1a4534c667e211baf1f99c5ea51c277c0
deformed_family,base,system_common_support,484,k_error,0.0640495867768595,,,,data/atencion_armonica/generative_evidence_reader_v1/fresh/deformed_family/evaluation/summary.json,09535ff5fc208255ec354065ccbea1b1a4534c667e211baf1f99c5ea51c277c0
deformed_family,base,system_common_support,484,k_absolute_error,0.09710743801652892,,,,data/atencion_armonica/generative_evidence_reader_v1/fresh/deformed_family/evaluation/summary.json,09535ff5fc208255ec354065ccbea1b1a4534c667e211baf1f99c5ea51c277c0
deformed_family,base,system_common_support,484,sub3_member_fraction,0.0,,,,data/atencion_armonica/generative_evidence_reader_v1/fresh/deformed_family/evaluation/summary.json,09535ff5fc208255ec354065ccbea1b1a4534c667e211baf1f99c5ea51c277c0
deformed_family,base,system_common_support,484,vi,0.2627559283152141,,,,data/atencion_armonica/generative_evidence_reader_v1/fresh/deformed_family/evaluation/summary.json,09535ff5fc208255ec354065ccbea1b1a4534c667e211baf1f99c5ea51c277c0
deformed_family,base,system_common_support,484,vi_normalized,0.09498605306398332,,,,data/atencion_armonica/generative_evidence_reader_v1/fresh/deformed_family/evaluation/summary.json,09535ff5fc208255ec354065ccbea1b1a4534c667e211baf1f99c5ea51c277c0
deformed_family,base,system_common_support,484,split_entropy,0.1414602948560209,,,,data/atencion_armonica/generative_evidence_reader_v1/fresh/deformed_family/evaluation/summary.json,09535ff5fc208255ec354065ccbea1b1a4534c667e211baf1f99c5ea51c277c0
deformed_family,base,system_common_support,484,merge_entropy,0.12129563345919311,,,,data/atencion_armonica/generative_evidence_reader_v1/fresh/deformed_family/evaluation/summary.json,09535ff5fc208255ec354065ccbea1b1a4534c667e211baf1f99c5ea51c277c0
deformed_family,base,system_common_support,484,split_normalized,0.05097284199695743,,,,data/atencion_armonica/generative_evidence_reader_v1/fresh/deformed_family/evaluation/summary.json,09535ff5fc208255ec354065ccbea1b1a4534c667e211baf1f99c5ea51c277c0
deformed_family,base,system_common_support,484,merge_normalized,0.04401321106702587,,,,data/atencion_armonica/generative_evidence_reader_v1/fresh/deformed_family/evaluation/summary.json,09535ff5fc208255ec354065ccbea1b1a4534c667e211baf1f99c5ea51c277c0
deformed_family,extended,system_common_support,484,ari,0.8838717029847554,,,,data/atencion_armonica/generative_evidence_reader_v1/fresh/deformed_family/evaluation/summary.json,09535ff5fc208255ec354065ccbea1b1a4534c667e211baf1f99c5ea51c277c0
deformed_family,extended,system_common_support,484,exact_partition,0.743801652892562,,,,data/atencion_armonica/generative_evidence_reader_v1/fresh/deformed_family/evaluation/summary.json,09535ff5fc208255ec354065ccbea1b1a4534c667e211baf1f99c5ea51c277c0
deformed_family,extended,system_common_support,484,pair_disagreement,0.051715818714814135,,,,data/atencion_armonica/generative_evidence_reader_v1/fresh/deformed_family/evaluation/summary.json,09535ff5fc208255ec354065ccbea1b1a4534c667e211baf1f99c5ea51c277c0
deformed_family,extended,system_common_support,484,k_inferred,2.4958677685950414,,,,data/atencion_armonica/generative_evidence_reader_v1/fresh/deformed_family/evaluation/summary.json,09535ff5fc208255ec354065ccbea1b1a4534c667e211baf1f99c5ea51c277c0
deformed_family,extended,system_common_support,484,k_error,0.02066115702479339,,,,data/atencion_armonica/generative_evidence_reader_v1/fresh/deformed_family/evaluation/summary.json,09535ff5fc208255ec354065ccbea1b1a4534c667e211baf1f99c5ea51c277c0
deformed_family,extended,system_common_support,484,k_absolute_error,0.05371900826446281,,,,data/atencion_armonica/generative_evidence_reader_v1/fresh/deformed_family/evaluation/summary.json,09535ff5fc208255ec354065ccbea1b1a4534c667e211baf1f99c5ea51c277c0
deformed_family,extended,system_common_support,484,sub3_member_fraction,0.0,,,,data/atencion_armonica/generative_evidence_reader_v1/fresh/deformed_family/evaluation/summary.json,09535ff5fc208255ec354065ccbea1b1a4534c667e211baf1f99c5ea51c277c0
deformed_family,extended,system_common_support,484,vi,0.19388810386882765,,,,data/atencion_armonica/generative_evidence_reader_v1/fresh/deformed_family/evaluation/summary.json,09535ff5fc208255ec354065ccbea1b1a4534c667e211baf1f99c5ea51c277c0
deformed_family,extended,system_common_support,484,vi_normalized,0.07018749249570333,,,,data/atencion_armonica/generative_evidence_reader_v1/fresh/deformed_family/evaluation/summary.json,09535ff5fc208255ec354065ccbea1b1a4534c667e211baf1f99c5ea51c277c0
deformed_family,extended,system_common_support,484,split_entropy,0.10084658919342196,,,,data/atencion_armonica/generative_evidence_reader_v1/fresh/deformed_family/evaluation/summary.json,09535ff5fc208255ec354065ccbea1b1a4534c667e211baf1f99c5ea51c277c0
deformed_family,extended,system_common_support,484,merge_entropy,0.09304151467540575,,,,data/atencion_armonica/generative_evidence_reader_v1/fresh/deformed_family/evaluation/summary.json,09535ff5fc208255ec354065ccbea1b1a4534c667e211baf1f99c5ea51c277c0
deformed_family,extended,system_common_support,484,split_normalized,0.03645699255232917,,,,data/atencion_armonica/generative_evidence_reader_v1/fresh/deformed_family/evaluation/summary.json,09535ff5fc208255ec354065ccbea1b1a4534c667e211baf1f99c5ea51c277c0
deformed_family,extended,system_common_support,484,merge_normalized,0.03373049994337418,,,,data/atencion_armonica/generative_evidence_reader_v1/fresh/deformed_family/evaluation/summary.json,09535ff5fc208255ec354065ccbea1b1a4534c667e211baf1f99c5ea51c277c0
deformed_family,historical-2026090721,system_common_support,484,ari,0.7585248604627756,,,,data/atencion_armonica/generative_evidence_reader_v1/fresh/deformed_family/evaluation/summary.json,09535ff5fc208255ec354065ccbea1b1a4534c667e211baf1f99c5ea51c277c0
deformed_family,historical-2026090721,system_common_support,484,exact_partition,0.3409090909090909,,,,data/atencion_armonica/generative_evidence_reader_v1/fresh/deformed_family/evaluation/summary.json,09535ff5fc208255ec354065ccbea1b1a4534c667e211baf1f99c5ea51c277c0
deformed_family,historical-2026090721,system_common_support,484,pair_disagreement,0.10608282445401117,,,,data/atencion_armonica/generative_evidence_reader_v1/fresh/deformed_family/evaluation/summary.json,09535ff5fc208255ec354065ccbea1b1a4534c667e211baf1f99c5ea51c277c0
deformed_family,historical-2026090721,system_common_support,484,k_inferred,3.2582644628099175,,,,data/atencion_armonica/generative_evidence_reader_v1/fresh/deformed_family/evaluation/summary.json,09535ff5fc208255ec354065ccbea1b1a4534c667e211baf1f99c5ea51c277c0
deformed_family,historical-2026090721,system_common_support,484,k_error,0.7830578512396694,,,,data/atencion_armonica/generative_evidence_reader_v1/fresh/deformed_family/evaluation/summary.json,09535ff5fc208255ec354065ccbea1b1a4534c667e211baf1f99c5ea51c277c0
deformed_family,historical-2026090721,system_common_support,484,k_absolute_error,0.7871900826446281,,,,data/atencion_armonica/generative_evidence_reader_v1/fresh/deformed_family/evaluation/summary.json,09535ff5fc208255ec354065ccbea1b1a4534c667e211baf1f99c5ea51c277c0
deformed_family,historical-2026090721,system_common_support,484,sub3_member_fraction,0.06320426190479775,,,,data/atencion_armonica/generative_evidence_reader_v1/fresh/deformed_family/evaluation/summary.json,09535ff5fc208255ec354065ccbea1b1a4534c667e211baf1f99c5ea51c277c0
deformed_family,historical-2026090721,system_common_support,484,vi,0.38751782941405394,,,,data/atencion_armonica/generative_evidence_reader_v1/fresh/deformed_family/evaluation/summary.json,09535ff5fc208255ec354065ccbea1b1a4534c667e211baf1f99c5ea51c277c0
deformed_family,historical-2026090721,system_common_support,484,vi_normalized,0.14355288275340752,,,,data/atencion_armonica/generative_evidence_reader_v1/fresh/deformed_family/evaluation/summary.json,09535ff5fc208255ec354065ccbea1b1a4534c667e211baf1f99c5ea51c277c0
deformed_family,historical-2026090721,system_common_support,484,split_entropy,0.28306942448379013,,,,data/atencion_armonica/generative_evidence_reader_v1/fresh/deformed_family/evaluation/summary.json,09535ff5fc208255ec354065ccbea1b1a4534c667e211baf1f99c5ea51c277c0
deformed_family,historical-2026090721,system_common_support,484,merge_entropy,0.10444840493026396,,,,data/atencion_armonica/generative_evidence_reader_v1/fresh/deformed_family/evaluation/summary.json,09535ff5fc208255ec354065ccbea1b1a4534c667e211baf1f99c5ea51c277c0
deformed_family,historical-2026090721,system_common_support,484,split_normalized,0.10548494018583399,,,,data/atencion_armonica/generative_evidence_reader_v1/fresh/deformed_family/evaluation/summary.json,09535ff5fc208255ec354065ccbea1b1a4534c667e211baf1f99c5ea51c277c0
deformed_family,historical-2026090721,system_common_support,484,merge_normalized,0.0380679425675736,,,,data/atencion_armonica/generative_evidence_reader_v1/fresh/deformed_family/evaluation/summary.json,09535ff5fc208255ec354065ccbea1b1a4534c667e211baf1f99c5ea51c277c0
deformed_family,historical-2026090721,system_all_scenes,512,ari,0.7485263581888686,,,,data/atencion_armonica/generative_evidence_reader_v1/fresh/deformed_family/evaluation/summary.json,09535ff5fc208255ec354065ccbea1b1a4534c667e211baf1f99c5ea51c277c0
deformed_family,historical-2026090721,system_all_scenes,512,exact_partition,0.322265625,,,,data/atencion_armonica/generative_evidence_reader_v1/fresh/deformed_family/evaluation/summary.json,09535ff5fc208255ec354065ccbea1b1a4534c667e211baf1f99c5ea51c277c0
deformed_family,historical-2026090721,system_all_scenes,512,pair_disagreement,0.1103282811596253,,,,data/atencion_armonica/generative_evidence_reader_v1/fresh/deformed_family/evaluation/summary.json,09535ff5fc208255ec354065ccbea1b1a4534c667e211baf1f99c5ea51c277c0
deformed_family,historical-2026090721,system_all_scenes,512,k_inferred,3.298828125,,,,data/atencion_armonica/generative_evidence_reader_v1/fresh/deformed_family/evaluation/summary.json,09535ff5fc208255ec354065ccbea1b1a4534c667e211baf1f99c5ea51c277c0
deformed_family,historical-2026090721,system_all_scenes,512,k_error,0.806640625,,,,data/atencion_armonica/generative_evidence_reader_v1/fresh/deformed_family/evaluation/summary.json,09535ff5fc208255ec354065ccbea1b1a4534c667e211baf1f99c5ea51c277c0
deformed_family,historical-2026090721,system_all_scenes,512,k_absolute_error,0.810546875,,,,data/atencion_armonica/generative_evidence_reader_v1/fresh/deformed_family/evaluation/summary.json,09535ff5fc208255ec354065ccbea1b1a4534c667e211baf1f99c5ea51c277c0
deformed_family,historical-2026090721,system_all_scenes,512,sub3_member_fraction,0.066983092584765,,,,data/atencion_armonica/generative_evidence_reader_v1/fresh/deformed_family/evaluation/summary.json,09535ff5fc208255ec354065ccbea1b1a4534c667e211baf1f99c5ea51c277c0
deformed_family,historical-2026090721,system_all_scenes,512,vi,0.40344884705131145,,,,data/atencion_armonica/generative_evidence_reader_v1/fresh/deformed_family/evaluation/summary.json,09535ff5fc208255ec354065ccbea1b1a4534c667e211baf1f99c5ea51c277c0
deformed_family,historical-2026090721,system_all_scenes,512,vi_normalized,0.14934906887012186,,,,data/atencion_armonica/generative_evidence_reader_v1/fresh/deformed_family/evaluation/summary.json,09535ff5fc208255ec354065ccbea1b1a4534c667e211baf1f99c5ea51c277c0
deformed_family,historical-2026090721,system_all_scenes,512,split_entropy,0.29167857836816735,,,,data/atencion_armonica/generative_evidence_reader_v1/fresh/deformed_family/evaluation/summary.json,09535ff5fc208255ec354065ccbea1b1a4534c667e211baf1f99c5ea51c277c0
deformed_family,historical-2026090721,system_all_scenes,512,merge_entropy,0.11177026868314416,,,,data/atencion_armonica/generative_evidence_reader_v1/fresh/deformed_family/evaluation/summary.json,09535ff5fc208255ec354065ccbea1b1a4534c667e211baf1f99c5ea51c277c0
deformed_family,historical-2026090721,system_all_scenes,512,split_normalized,0.10857545620773898,,,,data/atencion_armonica/generative_evidence_reader_v1/fresh/deformed_family/evaluation/summary.json,09535ff5fc208255ec354065ccbea1b1a4534c667e211baf1f99c5ea51c277c0
deformed_family,historical-2026090721,system_all_scenes,512,merge_normalized,0.040773612662382934,,,,data/atencion_armonica/generative_evidence_reader_v1/fresh/deformed_family/evaluation/summary.json,09535ff5fc208255ec354065ccbea1b1a4534c667e211baf1f99c5ea51c277c0
deformed_family,historical-2026090722,system_common_support,484,ari,0.7836083039353777,,,,data/atencion_armonica/generative_evidence_reader_v1/fresh/deformed_family/evaluation/summary.json,09535ff5fc208255ec354065ccbea1b1a4534c667e211baf1f99c5ea51c277c0
deformed_family,historical-2026090722,system_common_support,484,exact_partition,0.4194214876033058,,,,data/atencion_armonica/generative_evidence_reader_v1/fresh/deformed_family/evaluation/summary.json,09535ff5fc208255ec354065ccbea1b1a4534c667e211baf1f99c5ea51c277c0
deformed_family,historical-2026090722,system_common_support,484,pair_disagreement,0.09649588966079849,,,,data/atencion_armonica/generative_evidence_reader_v1/fresh/deformed_family/evaluation/summary.json,09535ff5fc208255ec354065ccbea1b1a4534c667e211baf1f99c5ea51c277c0
deformed_family,historical-2026090722,system_common_support,484,k_inferred,2.93801652892562,,,,data/atencion_armonica/generative_evidence_reader_v1/fresh/deformed_family/evaluation/summary.json,09535ff5fc208255ec354065ccbea1b1a4534c667e211baf1f99c5ea51c277c0
deformed_family,historical-2026090722,system_common_support,484,k_error,0.4628099173553719,,,,data/atencion_armonica/generative_evidence_reader_v1/fresh/deformed_family/evaluation/summary.json,09535ff5fc208255ec354065ccbea1b1a4534c667e211baf1f99c5ea51c277c0
deformed_family,historical-2026090722,system_common_support,484,k_absolute_error,0.4628099173553719,,,,data/atencion_armonica/generative_evidence_reader_v1/fresh/deformed_family/evaluation/summary.json,09535ff5fc208255ec354065ccbea1b1a4534c667e211baf1f99c5ea51c277c0
deformed_family,historical-2026090722,system_common_support,484,sub3_member_fraction,0.037099560731541255,,,,data/atencion_armonica/generative_evidence_reader_v1/fresh/deformed_family/evaluation/summary.json,09535ff5fc208255ec354065ccbea1b1a4534c667e211baf1f99c5ea51c277c0
deformed_family,historical-2026090722,system_common_support,484,vi,0.3442722070410986,,,,data/atencion_armonica/generative_evidence_reader_v1/fresh/deformed_family/evaluation/summary.json,09535ff5fc208255ec354065ccbea1b1a4534c667e211baf1f99c5ea51c277c0
deformed_family,historical-2026090722,system_common_support,484,vi_normalized,0.12739149745980333,,,,data/atencion_armonica/generative_evidence_reader_v1/fresh/deformed_family/evaluation/summary.json,09535ff5fc208255ec354065ccbea1b1a4534c667e211baf1f99c5ea51c277c0
deformed_family,historical-2026090722,system_common_support,484,split_entropy,0.2293509348116406,,,,data/atencion_armonica/generative_evidence_reader_v1/fresh/deformed_family/evaluation/summary.json,09535ff5fc208255ec354065ccbea1b1a4534c667e211baf1f99c5ea51c277c0
deformed_family,historical-2026090722,system_common_support,484,merge_entropy,0.11492127222945818,,,,data/atencion_armonica/generative_evidence_reader_v1/fresh/deformed_family/evaluation/summary.json,09535ff5fc208255ec354065ccbea1b1a4534c667e211baf1f99c5ea51c277c0
deformed_family,historical-2026090722,system_common_support,484,split_normalized,0.08545311785374382,,,,data/atencion_armonica/generative_evidence_reader_v1/fresh/deformed_family/evaluation/summary.json,09535ff5fc208255ec354065ccbea1b1a4534c667e211baf1f99c5ea51c277c0
deformed_family,historical-2026090722,system_common_support,484,merge_normalized,0.0419383796060594,,,,data/atencion_armonica/generative_evidence_reader_v1/fresh/deformed_family/evaluation/summary.json,09535ff5fc208255ec354065ccbea1b1a4534c667e211baf1f99c5ea51c277c0
deformed_family,historical-2026090722,system_all_scenes,512,ari,0.7743315657334032,,,,data/atencion_armonica/generative_evidence_reader_v1/fresh/deformed_family/evaluation/summary.json,09535ff5fc208255ec354065ccbea1b1a4534c667e211baf1f99c5ea51c277c0
deformed_family,historical-2026090722,system_all_scenes,512,exact_partition,0.396484375,,,,data/atencion_armonica/generative_evidence_reader_v1/fresh/deformed_family/evaluation/summary.json,09535ff5fc208255ec354065ccbea1b1a4534c667e211baf1f99c5ea51c277c0
deformed_family,historical-2026090722,system_all_scenes,512,pair_disagreement,0.10072427539597217,,,,data/atencion_armonica/generative_evidence_reader_v1/fresh/deformed_family/evaluation/summary.json,09535ff5fc208255ec354065ccbea1b1a4534c667e211baf1f99c5ea51c277c0
deformed_family,historical-2026090722,system_all_scenes,512,k_inferred,2.96484375,,,,data/atencion_armonica/generative_evidence_reader_v1/fresh/deformed_family/evaluation/summary.json,09535ff5fc208255ec354065ccbea1b1a4534c667e211baf1f99c5ea51c277c0
deformed_family,historical-2026090722,system_all_scenes,512,k_error,0.47265625,,,,data/atencion_armonica/generative_evidence_reader_v1/fresh/deformed_family/evaluation/summary.json,09535ff5fc208255ec354065ccbea1b1a4534c667e211baf1f99c5ea51c277c0
deformed_family,historical-2026090722,system_all_scenes,512,k_absolute_error,0.47265625,,,,data/atencion_armonica/generative_evidence_reader_v1/fresh/deformed_family/evaluation/summary.json,09535ff5fc208255ec354065ccbea1b1a4534c667e211baf1f99c5ea51c277c0
deformed_family,historical-2026090722,system_all_scenes,512,sub3_member_fraction,0.039713098812498224,,,,data/atencion_armonica/generative_evidence_reader_v1/fresh/deformed_family/evaluation/summary.json,09535ff5fc208255ec354065ccbea1b1a4534c667e211baf1f99c5ea51c277c0
deformed_family,historical-2026090722,system_all_scenes,512,vi,0.36006961764343365,,,,data/atencion_armonica/generative_evidence_reader_v1/fresh/deformed_family/evaluation/summary.json,09535ff5fc208255ec354065ccbea1b1a4534c667e211baf1f99c5ea51c277c0
deformed_family,historical-2026090722,system_all_scenes,512,vi_normalized,0.13316727136449288,,,,data/atencion_armonica/generative_evidence_reader_v1/fresh/deformed_family/evaluation/summary.json,09535ff5fc208255ec354065ccbea1b1a4534c667e211baf1f99c5ea51c277c0
deformed_family,historical-2026090722,system_all_scenes,512,split_entropy,0.23680783241061715,,,,data/atencion_armonica/generative_evidence_reader_v1/fresh/deformed_family/evaluation/summary.json,09535ff5fc208255ec354065ccbea1b1a4534c667e211baf1f99c5ea51c277c0
deformed_family,historical-2026090722,system_all_scenes,512,merge_entropy,0.1232617852328166,,,,data/atencion_armonica/generative_evidence_reader_v1/fresh/deformed_family/evaluation/summary.json,09535ff5fc208255ec354065ccbea1b1a4534c667e211baf1f99c5ea51c277c0
deformed_family,historical-2026090722,system_all_scenes,512,split_normalized,0.08818673507209347,,,,data/atencion_armonica/generative_evidence_reader_v1/fresh/deformed_family/evaluation/summary.json,09535ff5fc208255ec354065ccbea1b1a4534c667e211baf1f99c5ea51c277c0
deformed_family,historical-2026090722,system_all_scenes,512,merge_normalized,0.044980536292399245,,,,data/atencion_armonica/generative_evidence_reader_v1/fresh/deformed_family/evaluation/summary.json,09535ff5fc208255ec354065ccbea1b1a4534c667e211baf1f99c5ea51c277c0
deformed_family,historical-2026090723,system_common_support,484,ari,0.7402211839137001,,,,data/atencion_armonica/generative_evidence_reader_v1/fresh/deformed_family/evaluation/summary.json,09535ff5fc208255ec354065ccbea1b1a4534c667e211baf1f99c5ea51c277c0
deformed_family,historical-2026090723,system_common_support,484,exact_partition,0.29545454545454547,,,,data/atencion_armonica/generative_evidence_reader_v1/fresh/deformed_family/evaluation/summary.json,09535ff5fc208255ec354065ccbea1b1a4534c667e211baf1f99c5ea51c277c0
deformed_family,historical-2026090723,system_common_support,484,pair_disagreement,0.11517783784607379,,,,data/atencion_armonica/generative_evidence_reader_v1/fresh/deformed_family/evaluation/summary.json,09535ff5fc208255ec354065ccbea1b1a4534c667e211baf1f99c5ea51c277c0
deformed_family,historical-2026090723,system_common_support,484,k_inferred,3.262396694214876,,,,data/atencion_armonica/generative_evidence_reader_v1/fresh/deformed_family/evaluation/summary.json,09535ff5fc208255ec354065ccbea1b1a4534c667e211baf1f99c5ea51c277c0
deformed_family,historical-2026090723,system_common_support,484,k_error,0.7871900826446281,,,,data/atencion_armonica/generative_evidence_reader_v1/fresh/deformed_family/evaluation/summary.json,09535ff5fc208255ec354065ccbea1b1a4534c667e211baf1f99c5ea51c277c0
deformed_family,historical-2026090723,system_common_support,484,k_absolute_error,0.7954545454545454,,,,data/atencion_armonica/generative_evidence_reader_v1/fresh/deformed_family/evaluation/summary.json,09535ff5fc208255ec354065ccbea1b1a4534c667e211baf1f99c5ea51c277c0
deformed_family,historical-2026090723,system_common_support,484,sub3_member_fraction,0.06635892058529036,,,,data/atencion_armonica/generative_evidence_reader_v1/fresh/deformed_family/evaluation/summary.json,09535ff5fc208255ec354065ccbea1b1a4534c667e211baf1f99c5ea51c277c0
deformed_family,historical-2026090723,system_common_support,484,vi,0.4009756520402098,,,,data/atencion_armonica/generative_evidence_reader_v1/fresh/deformed_family/evaluation/summary.json,09535ff5fc208255ec354065ccbea1b1a4534c667e211baf1f99c5ea51c277c0
deformed_family,historical-2026090723,system_common_support,484,vi_normalized,0.14922162148282492,,,,data/atencion_armonica/generative_evidence_reader_v1/fresh/deformed_family/evaluation/summary.json,09535ff5fc208255ec354065ccbea1b1a4534c667e211baf1f99c5ea51c277c0
deformed_family,historical-2026090723,system_common_support,484,split_entropy,0.2948539439114167,,,,data/atencion_armonica/generative_evidence_reader_v1/fresh/deformed_family/evaluation/summary.json,09535ff5fc208255ec354065ccbea1b1a4534c667e211baf1f99c5ea51c277c0
deformed_family,historical-2026090723,system_common_support,484,merge_entropy,0.10612170812879347,,,,data/atencion_armonica/generative_evidence_reader_v1/fresh/deformed_family/evaluation/summary.json,09535ff5fc208255ec354065ccbea1b1a4534c667e211baf1f99c5ea51c277c0
deformed_family,historical-2026090723,system_common_support,484,split_normalized,0.11009067886086839,,,,data/atencion_armonica/generative_evidence_reader_v1/fresh/deformed_family/evaluation/summary.json,09535ff5fc208255ec354065ccbea1b1a4534c667e211baf1f99c5ea51c277c0
deformed_family,historical-2026090723,system_common_support,484,merge_normalized,0.03913094262195648,,,,data/atencion_armonica/generative_evidence_reader_v1/fresh/deformed_family/evaluation/summary.json,09535ff5fc208255ec354065ccbea1b1a4534c667e211baf1f99c5ea51c277c0
deformed_family,historical-2026090723,system_all_scenes,512,ari,0.7304761295384646,,,,data/atencion_armonica/generative_evidence_reader_v1/fresh/deformed_family/evaluation/summary.json,09535ff5fc208255ec354065ccbea1b1a4534c667e211baf1f99c5ea51c277c0
deformed_family,historical-2026090723,system_all_scenes,512,exact_partition,0.279296875,,,,data/atencion_armonica/generative_evidence_reader_v1/fresh/deformed_family/evaluation/summary.json,09535ff5fc208255ec354065ccbea1b1a4534c667e211baf1f99c5ea51c277c0
deformed_family,historical-2026090723,system_all_scenes,512,pair_disagreement,0.11940698529726362,,,,data/atencion_armonica/generative_evidence_reader_v1/fresh/deformed_family/evaluation/summary.json,09535ff5fc208255ec354065ccbea1b1a4534c667e211baf1f99c5ea51c277c0
deformed_family,historical-2026090723,system_all_scenes,512,k_inferred,3.29296875,,,,data/atencion_armonica/generative_evidence_reader_v1/fresh/deformed_family/evaluation/summary.json,09535ff5fc208255ec354065ccbea1b1a4534c667e211baf1f99c5ea51c277c0
deformed_family,historical-2026090723,system_all_scenes,512,k_error,0.80078125,,,,data/atencion_armonica/generative_evidence_reader_v1/fresh/deformed_family/evaluation/summary.json,09535ff5fc208255ec354065ccbea1b1a4534c667e211baf1f99c5ea51c277c0
deformed_family,historical-2026090723,system_all_scenes,512,k_absolute_error,0.8125,,,,data/atencion_armonica/generative_evidence_reader_v1/fresh/deformed_family/evaluation/summary.json,09535ff5fc208255ec354065ccbea1b1a4534c667e211baf1f99c5ea51c277c0
deformed_family,historical-2026090723,system_all_scenes,512,sub3_member_fraction,0.06924275623825045,,,,data/atencion_armonica/generative_evidence_reader_v1/fresh/deformed_family/evaluation/summary.json,09535ff5fc208255ec354065ccbea1b1a4534c667e211baf1f99c5ea51c277c0
deformed_family,historical-2026090723,system_all_scenes,512,vi,0.41735701050856516,,,,data/atencion_armonica/generative_evidence_reader_v1/fresh/deformed_family/evaluation/summary.json,09535ff5fc208255ec354065ccbea1b1a4534c667e211baf1f99c5ea51c277c0
deformed_family,historical-2026090723,system_all_scenes,512,vi_normalized,0.15496708916885668,,,,data/atencion_armonica/generative_evidence_reader_v1/fresh/deformed_family/evaluation/summary.json,09535ff5fc208255ec354065ccbea1b1a4534c667e211baf1f99c5ea51c277c0
deformed_family,historical-2026090723,system_all_scenes,512,split_entropy,0.30194735693849023,,,,data/atencion_armonica/generative_evidence_reader_v1/fresh/deformed_family/evaluation/summary.json,09535ff5fc208255ec354065ccbea1b1a4534c667e211baf1f99c5ea51c277c0
deformed_family,historical-2026090723,system_all_scenes,512,merge_entropy,0.11540965357007525,,,,data/atencion_armonica/generative_evidence_reader_v1/fresh/deformed_family/evaluation/summary.json,09535ff5fc208255ec354065ccbea1b1a4534c667e211baf1f99c5ea51c277c0
deformed_family,historical-2026090723,system_all_scenes,512,split_normalized,0.11251081982148155,,,,data/atencion_armonica/generative_evidence_reader_v1/fresh/deformed_family/evaluation/summary.json,09535ff5fc208255ec354065ccbea1b1a4534c667e211baf1f99c5ea51c277c0
deformed_family,historical-2026090723,system_all_scenes,512,merge_normalized,0.0424562693473751,,,,data/atencion_armonica/generative_evidence_reader_v1/fresh/deformed_family/evaluation/summary.json,09535ff5fc208255ec354065ccbea1b1a4534c667e211baf1f99c5ea51c277c0
